id,legacy_id,batch,route,precondition,control,expected,status,scope,boundary,source,source_sha,evidence
SV26-0001,,01-library,/studio/survey,自有合成数据；运行时可用,我的问卷,导航/筛选范围正确；对象身份不变；不意外保存或删除,NOT_STARTED,MAIN,NORMAL,apps/web/components/survey/live/survey-library.tsx,814dc05a36e1f2645b7528b9dacc0a344ec615ae,
SV26-0002,,01-library,/studio/survey,自有合成数据；运行时可用,问卷模板,导航/筛选范围正确；对象身份不变；不意外保存或删除,NOT_STARTED,MAIN,NORMAL,apps/web/components/survey/live/survey-library.tsx,814dc05a36e1f2645b7528b9dacc0a344ec615ae,
SV26-0003,,01-library,/studio/survey,自有合成数据；运行时可用,报告模板,导航/筛选范围正确；对象身份不变；不意外保存或删除,NOT_STARTED,MAIN,NORMAL,apps/web/components/survey/live/survey-library.tsx,814dc05a36e1f2645b7528b9dacc0a344ec615ae,
SV26-0004,,01-library,/studio/survey,自有合成数据；运行时可用,搜索问卷,导航/筛选范围正确；对象身份不变；不意外保存或删除,NOT_STARTED,MAIN,NORMAL,apps/web/components/survey/live/survey-library.tsx,814dc05a36e1f2645b7528b9dacc0a344ec615ae,
SV26-0005,,01-library,/studio/survey,自有合成数据；运行时可用,标签筛选：选中,导航/筛选范围正确；对象身份不变；不意外保存或删除,NOT_STARTED,MAIN,NORMAL,apps/web/components/survey/live/survey-library.tsx,814dc05a36e1f2645b7528b9dacc0a344ec615ae,
SV26-0006,,01-library,/studio/survey,自有合成数据；运行时可用,标签筛选：取消,导航/筛选范围正确；对象身份不变；不意外保存或删除,NOT_STARTED,MAIN,NORMAL,apps/web/components/survey/live/survey-library.tsx,814dc05a36e1f2645b7528b9dacc0a344ec615ae,
SV26-0007,,01-library,/studio/survey,自有合成数据；运行时可用,清除筛选,导航/筛选范围正确；对象身份不变；不意外保存或删除,NOT_STARTED,MAIN,NORMAL,apps/web/components/survey/live/survey-library.tsx,814dc05a36e1f2645b7528b9dacc0a344ec615ae,
SV26-0008,,01-library,/studio/survey,自有合成数据；运行时可用,卡片标题,导航/筛选范围正确；对象身份不变；不意外保存或删除,NOT_STARTED,MAIN,NORMAL,apps/web/components/survey/live/survey-library.tsx,814dc05a36e1f2645b7528b9dacc0a344ec615ae,
SV26-0009,,01-library,/studio/survey,自有合成数据；运行时可用,继续设计,导航/筛选范围正确；对象身份不变；不意外保存或删除,NOT_STARTED,MAIN,NORMAL,apps/web/components/survey/live/survey-library.tsx,814dc05a36e1f2645b7528b9dacc0a344ec615ae,
SV26-0010,,01-library,/studio/survey,自有合成数据；运行时可用,继续编辑,导航/筛选范围正确；对象身份不变；不意外保存或删除,NOT_STARTED,MAIN,NORMAL,apps/web/components/survey/live/survey-library.tsx,814dc05a36e1f2645b7528b9dacc0a344ec615ae,
SV26-0011,,01-library,/studio/survey,自有合成数据；运行时可用,查看答卷,导航/筛选范围正确；对象身份不变；不意外保存或删除,NOT_STARTED,MAIN,NORMAL,apps/web/components/survey/live/survey-library.tsx,814dc05a36e1f2645b7528b9dacc0a344ec615ae,
SV26-0012,,01-library,/studio/survey,自有合成数据；运行时可用,更多操作：问卷,导航/筛选范围正确；对象身份不变；不意外保存或删除,NOT_STARTED,MAIN,NORMAL,apps/web/components/survey/live/survey-library.tsx,814dc05a36e1f2645b7528b9dacc0a344ec615ae,
SV26-0013,,01-library,/studio/survey,自有合成数据；运行时可用,新建问卷,导航/筛选范围正确；对象身份不变；不意外保存或删除,NOT_STARTED,MAIN,NORMAL,apps/web/components/survey/live/survey-library.tsx,814dc05a36e1f2645b7528b9dacc0a344ec615ae,
SV26-0014,,01-library,/studio/survey,先选专用合成问卷,删除问卷→取消,取消无删除,NOT_STARTED,MAIN,NORMAL,apps/web/components/survey/live/survey-library.tsx,814dc05a36e1f2645b7528b9dacc0a344ec615ae,
SV26-0015,,01-library,/studio/survey,专用无业务数据问卷；点击确认前向人类确认对象,删除问卷→确认,仅删除本对象；列表刷新及关联访问拒绝,NOT_STARTED,MAIN,NEEDS_ACTION_TIME_CONFIRMATION,apps/web/components/survey/live/survey-library.tsx,814dc05a36e1f2645b7528b9dacc0a344ec615ae,
SV26-0016,,02-create,/studio/survey,自有合成数据；运行时可用,弹窗关闭X,禁用/可用状态正确；成功仅创建一个对象；取消不创建；pending不锁住其他创建方式,NOT_STARTED,MAIN,NORMAL,apps/web/components/survey/live/create-survey-dialog.tsx,814dc05a36e1f2645b7528b9dacc0a344ec615ae,
SV26-0017,,02-create,/studio/survey,自有合成数据；运行时可用,取消,禁用/可用状态正确；成功仅创建一个对象；取消不创建；pending不锁住其他创建方式,NOT_STARTED,MAIN,NORMAL,apps/web/components/survey/live/create-survey-dialog.tsx,814dc05a36e1f2645b7528b9dacc0a344ec615ae,
SV26-0018,,02-create,/studio/survey,自有合成数据；运行时可用,问卷名称：空白,禁用/可用状态正确；成功仅创建一个对象；取消不创建；pending不锁住其他创建方式,NOT_STARTED,MAIN,NORMAL,apps/web/components/survey/live/create-survey-dialog.tsx,814dc05a36e1f2645b7528b9dacc0a344ec615ae,
SV26-0019,,02-create,/studio/survey,自有合成数据；运行时可用,问卷名称：有效,禁用/可用状态正确；成功仅创建一个对象；取消不创建；pending不锁住其他创建方式,NOT_STARTED,MAIN,NORMAL,apps/web/components/survey/live/create-survey-dialog.tsx,814dc05a36e1f2645b7528b9dacc0a344ec615ae,
SV26-0020,,02-create,/studio/survey,自有合成数据；运行时可用,空白创建→下一步,禁用/可用状态正确；成功仅创建一个对象；取消不创建；pending不锁住其他创建方式,NOT_STARTED,MAIN,NORMAL,apps/web/components/survey/live/create-survey-dialog.tsx,814dc05a36e1f2645b7528b9dacc0a344ec615ae,
SV26-0021,,02-create,/studio/survey,自有合成数据；运行时可用,AI 导入创建→下一步,禁用/可用状态正确；成功仅创建一个对象；取消不创建；pending不锁住其他创建方式,NOT_STARTED,MAIN,NORMAL,apps/web/components/survey/live/create-survey-dialog.tsx,814dc05a36e1f2645b7528b9dacc0a344ec615ae,
SV26-0022,,02-create,/studio/survey,自有合成数据；运行时可用,从模板创建→选择内置→下一步,禁用/可用状态正确；成功仅创建一个对象；取消不创建；pending不锁住其他创建方式,NOT_STARTED,MAIN,NORMAL,apps/web/components/survey/live/create-survey-dialog.tsx,814dc05a36e1f2645b7528b9dacc0a344ec615ae,
SV26-0023,,02-create,/studio/survey,自有合成数据；运行时可用,从模板创建→选择个人→下一步,禁用/可用状态正确；成功仅创建一个对象；取消不创建；pending不锁住其他创建方式,NOT_STARTED,MAIN,NORMAL,apps/web/components/survey/live/create-survey-dialog.tsx,814dc05a36e1f2645b7528b9dacc0a344ec615ae,
SV26-0024,,02-create,/studio/survey,自有合成数据；运行时可用,模板加载pending→关闭重开AI,禁用/可用状态正确；成功仅创建一个对象；取消不创建；pending不锁住其他创建方式,NOT_STARTED,MAIN,NORMAL,apps/web/components/survey/live/create-survey-dialog.tsx,814dc05a36e1f2645b7528b9dacc0a344ec615ae,
SV26-0025,,02-create,/studio/survey,自有合成数据；运行时可用,模板加载pending→切AI,禁用/可用状态正确；成功仅创建一个对象；取消不创建；pending不锁住其他创建方式,NOT_STARTED,MAIN,NORMAL,apps/web/components/survey/live/create-survey-dialog.tsx,814dc05a36e1f2645b7528b9dacc0a344ec615ae,
SV26-0026,,02-create,/studio/survey,自有合成数据；运行时可用,模板加载pending→切空白,禁用/可用状态正确；成功仅创建一个对象；取消不创建；pending不锁住其他创建方式,NOT_STARTED,MAIN,NORMAL,apps/web/components/survey/live/create-survey-dialog.tsx,814dc05a36e1f2645b7528b9dacc0a344ec615ae,
SV26-0027,,02-create,/studio/survey,自有合成数据；运行时可用,模板旧请求完成→新模板请求仍pending,禁用/可用状态正确；成功仅创建一个对象；取消不创建；pending不锁住其他创建方式,NOT_STARTED,MAIN,NORMAL,apps/web/components/survey/live/create-survey-dialog.tsx,814dc05a36e1f2645b7528b9dacc0a344ec615ae,
SV26-0028,,03-import,/studio/survey/new/import,自有合成资料；真实模型/provider可用；录音场景需已有自有保存录音,返回列表,真实provider提案可校对；取消不应用；非法Markdown禁应用；合法应用创建后保存刷新一致,NOT_STARTED,MAIN,NORMAL,apps/web/components/survey/live/ai-proposal.tsx,814dc05a36e1f2645b7528b9dacc0a344ec615ae,
SV26-0029,,03-import,/studio/survey/new/import,自有合成资料；真实模型/provider可用；录音场景需已有自有保存录音,问卷需求,真实provider提案可校对；取消不应用；非法Markdown禁应用；合法应用创建后保存刷新一致,NOT_STARTED,MAIN,NORMAL,apps/web/components/survey/live/ai-proposal.tsx,814dc05a36e1f2645b7528b9dacc0a344ec615ae,
SV26-0030,,03-import,/studio/survey/new/import,自有合成资料；真实模型/provider可用；录音场景需已有自有保存录音,上传问卷文件：txt,真实provider提案可校对；取消不应用；非法Markdown禁应用；合法应用创建后保存刷新一致,NOT_STARTED,MAIN,NORMAL,apps/web/components/survey/live/ai-proposal.tsx,814dc05a36e1f2645b7528b9dacc0a344ec615ae,
SV26-0031,,03-import,/studio/survey/new/import,自有合成资料；真实模型/provider可用；录音场景需已有自有保存录音,上传问卷文件：md,真实provider提案可校对；取消不应用；非法Markdown禁应用；合法应用创建后保存刷新一致,NOT_STARTED,MAIN,NORMAL,apps/web/components/survey/live/ai-proposal.tsx,814dc05a36e1f2645b7528b9dacc0a344ec615ae,
SV26-0032,,03-import,/studio/survey/new/import,自有合成资料；真实模型/provider可用；录音场景需已有自有保存录音,上传问卷文件：pdf,真实provider提案可校对；取消不应用；非法Markdown禁应用；合法应用创建后保存刷新一致,NOT_STARTED,MAIN,NORMAL,apps/web/components/survey/live/ai-proposal.tsx,814dc05a36e1f2645b7528b9dacc0a344ec615ae,
SV26-0033,,03-import,/studio/survey/new/import,自有合成资料；真实模型/provider可用；录音场景需已有自有保存录音,上传问卷文件：docx,真实provider提案可校对；取消不应用；非法Markdown禁应用；合法应用创建后保存刷新一致,NOT_STARTED,MAIN,NORMAL,apps/web/components/survey/live/ai-proposal.tsx,814dc05a36e1f2645b7528b9dacc0a344ec615ae,
SV26-0034,,03-import,/studio/survey/new/import,自有合成资料；真实模型/provider可用；录音场景需已有自有保存录音,选择已保存录音,真实provider提案可校对；取消不应用；非法Markdown禁应用；合法应用创建后保存刷新一致,NOT_STARTED,MAIN,NORMAL,apps/web/components/survey/live/ai-proposal.tsx,814dc05a36e1f2645b7528b9dacc0a344ec615ae,
SV26-0035,,03-import,/studio/survey/new/import,自有合成资料；真实模型/provider可用；录音场景需已有自有保存录音,选择录音条目,真实provider提案可校对；取消不应用；非法Markdown禁应用；合法应用创建后保存刷新一致,NOT_STARTED,MAIN,NORMAL,apps/web/components/survey/live/ai-proposal.tsx,814dc05a36e1f2645b7528b9dacc0a344ec615ae,
SV26-0036,,03-import,/studio/survey/new/import,自有合成资料；真实模型/provider可用；录音场景需已有自有保存录音,开始录音链接,真实provider提案可校对；取消不应用；非法Markdown禁应用；合法应用创建后保存刷新一致,NOT_STARTED,MAIN,NORMAL,apps/web/components/survey/live/ai-proposal.tsx,814dc05a36e1f2645b7528b9dacc0a344ec615ae,
SV26-0037,,03-import,/studio/survey/new/import,自有合成资料；真实模型/provider可用；录音场景需已有自有保存录音,生成问卷,真实provider提案可校对；取消不应用；非法Markdown禁应用；合法应用创建后保存刷新一致,NOT_STARTED,MAIN,NORMAL,apps/web/components/survey/live/ai-proposal.tsx,814dc05a36e1f2645b7528b9dacc0a344ec615ae,
SV26-0038,,03-import,/studio/survey/new/import,自有合成资料；真实模型/provider可用；录音场景需已有自有保存录音,取消生成,真实provider提案可校对；取消不应用；非法Markdown禁应用；合法应用创建后保存刷新一致,NOT_STARTED,MAIN,NORMAL,apps/web/components/survey/live/ai-proposal.tsx,814dc05a36e1f2645b7528b9dacc0a344ec615ae,
SV26-0039,,03-import,/studio/survey/new/import,自有合成资料；真实模型/provider可用；录音场景需已有自有保存录音,AI 提案 Markdown：编辑合法,真实provider提案可校对；取消不应用；非法Markdown禁应用；合法应用创建后保存刷新一致,NOT_STARTED,MAIN,NORMAL,apps/web/components/survey/live/ai-proposal.tsx,814dc05a36e1f2645b7528b9dacc0a344ec615ae,
SV26-0040,,03-import,/studio/survey/new/import,自有合成资料；真实模型/provider可用；录音场景需已有自有保存录音,AI 提案 Markdown：编辑非法,真实provider提案可校对；取消不应用；非法Markdown禁应用；合法应用创建后保存刷新一致,NOT_STARTED,MAIN,NORMAL,apps/web/components/survey/live/ai-proposal.tsx,814dc05a36e1f2645b7528b9dacc0a344ec615ae,
SV26-0041,,03-import,/studio/survey/new/import,自有合成资料；真实模型/provider可用；录音场景需已有自有保存录音,返回输入,真实provider提案可校对；取消不应用；非法Markdown禁应用；合法应用创建后保存刷新一致,NOT_STARTED,MAIN,NORMAL,apps/web/components/survey/live/ai-proposal.tsx,814dc05a36e1f2645b7528b9dacc0a344ec615ae,
SV26-0042,,03-import,/studio/survey/new/import,自有合成资料；真实模型/provider可用；录音场景需已有自有保存录音,应用到问卷,真实provider提案可校对；取消不应用；非法Markdown禁应用；合法应用创建后保存刷新一致,NOT_STARTED,MAIN,NORMAL,apps/web/components/survey/live/ai-proposal.tsx,814dc05a36e1f2645b7528b9dacc0a344ec615ae,
SV26-0043,,04-workspace,/studio/survey/{surveyId}/design,自有合成数据；运行时可用,返回列表：clean,导航与保存状态正确；失败保留输入；成功必须刷新读取持久化；题目锁定按实际状态,NOT_STARTED,MAIN,NORMAL,apps/web/components/survey/live/survey-workspace.tsx,814dc05a36e1f2645b7528b9dacc0a344ec615ae,
SV26-0044,,04-workspace,/studio/survey/{surveyId}/design,自有合成数据；运行时可用,返回列表：dirty→取消,导航与保存状态正确；失败保留输入；成功必须刷新读取持久化；题目锁定按实际状态,NOT_STARTED,MAIN,NORMAL,apps/web/components/survey/live/survey-workspace.tsx,814dc05a36e1f2645b7528b9dacc0a344ec615ae,
SV26-0045,,04-workspace,/studio/survey/{surveyId}/design,自有合成数据；运行时可用,返回列表：dirty→确认,导航与保存状态正确；失败保留输入；成功必须刷新读取持久化；题目锁定按实际状态,NOT_STARTED,MAIN,NORMAL,apps/web/components/survey/live/survey-workspace.tsx,814dc05a36e1f2645b7528b9dacc0a344ec615ae,
SV26-0046,,04-workspace,/studio/survey/{surveyId}/design,自有合成数据；运行时可用,问卷名称,导航与保存状态正确；失败保留输入；成功必须刷新读取持久化；题目锁定按实际状态,NOT_STARTED,MAIN,NORMAL,apps/web/components/survey/live/survey-workspace.tsx,814dc05a36e1f2645b7528b9dacc0a344ec615ae,
SV26-0047,,04-workspace,/studio/survey/{surveyId}/design,自有合成数据；运行时可用,更多操作,导航与保存状态正确；失败保留输入；成功必须刷新读取持久化；题目锁定按实际状态,NOT_STARTED,MAIN,NORMAL,apps/web/components/survey/live/survey-workspace.tsx,814dc05a36e1f2645b7528b9dacc0a344ec615ae,
SV26-0048,,04-workspace,/studio/survey/{surveyId}/design,自有合成数据；运行时可用,保存为问卷模板,导航与保存状态正确；失败保留输入；成功必须刷新读取持久化；题目锁定按实际状态,NOT_STARTED,MAIN,NORMAL,apps/web/components/survey/live/survey-workspace.tsx,814dc05a36e1f2645b7528b9dacc0a344ec615ae,
SV26-0049,,04-workspace,/studio/survey/{surveyId}/design,自有合成数据；运行时可用,设计报告模板（可选）,导航与保存状态正确；失败保留输入；成功必须刷新读取持久化；题目锁定按实际状态,NOT_STARTED,MAIN,NORMAL,apps/web/components/survey/live/survey-workspace.tsx,814dc05a36e1f2645b7528b9dacc0a344ec615ae,
SV26-0050,,04-workspace,/studio/survey/{surveyId}/design,自有合成数据；运行时可用,分析报告（可选）,导航与保存状态正确；失败保留输入；成功必须刷新读取持久化；题目锁定按实际状态,NOT_STARTED,MAIN,NORMAL,apps/web/components/survey/live/survey-workspace.tsx,814dc05a36e1f2645b7528b9dacc0a344ec615ae,
SV26-0051,,04-workspace,/studio/survey/{surveyId}/design,自有合成数据；运行时可用,刷新：clean,导航与保存状态正确；失败保留输入；成功必须刷新读取持久化；题目锁定按实际状态,NOT_STARTED,MAIN,NORMAL,apps/web/components/survey/live/survey-workspace.tsx,814dc05a36e1f2645b7528b9dacc0a344ec615ae,
SV26-0052,,04-workspace,/studio/survey/{surveyId}/design,自有合成数据；运行时可用,刷新：dirty→取消,导航与保存状态正确；失败保留输入；成功必须刷新读取持久化；题目锁定按实际状态,NOT_STARTED,MAIN,NORMAL,apps/web/components/survey/live/survey-workspace.tsx,814dc05a36e1f2645b7528b9dacc0a344ec615ae,
SV26-0053,,04-workspace,/studio/survey/{surveyId}/design,自有合成数据；运行时可用,刷新：dirty→确认,导航与保存状态正确；失败保留输入；成功必须刷新读取持久化；题目锁定按实际状态,NOT_STARTED,MAIN,NORMAL,apps/web/components/survey/live/survey-workspace.tsx,814dc05a36e1f2645b7528b9dacc0a344ec615ae,
SV26-0054,,04-workspace,/studio/survey/{surveyId}/design,自有合成数据；运行时可用,发布回收,导航与保存状态正确；失败保留输入；成功必须刷新读取持久化；题目锁定按实际状态,NOT_STARTED,MAIN,NORMAL,apps/web/components/survey/live/survey-workspace.tsx,814dc05a36e1f2645b7528b9dacc0a344ec615ae,
SV26-0055,,04-workspace,/studio/survey/{surveyId}/design,自有合成数据；运行时可用,1. 设计问卷,导航与保存状态正确；失败保留输入；成功必须刷新读取持久化；题目锁定按实际状态,NOT_STARTED,MAIN,NORMAL,apps/web/components/survey/live/survey-workspace.tsx,814dc05a36e1f2645b7528b9dacc0a344ec615ae,
SV26-0056,,04-workspace,/studio/survey/{surveyId}/design,自有合成数据；运行时可用,2. 发布回收,导航与保存状态正确；失败保留输入；成功必须刷新读取持久化；题目锁定按实际状态,NOT_STARTED,MAIN,NORMAL,apps/web/components/survey/live/survey-workspace.tsx,814dc05a36e1f2645b7528b9dacc0a344ec615ae,
SV26-0057,,04-workspace,/studio/survey/{surveyId}/design,自有合成数据；运行时可用,3. 查看答卷,导航与保存状态正确；失败保留输入；成功必须刷新读取持久化；题目锁定按实际状态,NOT_STARTED,MAIN,NORMAL,apps/web/components/survey/live/survey-workspace.tsx,814dc05a36e1f2645b7528b9dacc0a344ec615ae,
SV26-0058,,04-workspace,/studio/survey/{surveyId}/publish,自有合成数据；运行时可用,保存修改,动作仅影响当前对象；冲突不可静默覆盖；草稿复制生成独立身份且无旧答卷,NOT_STARTED,MAIN,NORMAL,apps/web/components/survey/live/survey-workspace.tsx,814dc05a36e1f2645b7528b9dacc0a344ec615ae,
SV26-0059,,04-workspace,/studio/survey/{surveyId}/publish,自有合成数据；运行时可用,返回编辑,动作仅影响当前对象；冲突不可静默覆盖；草稿复制生成独立身份且无旧答卷,NOT_STARTED,MAIN,NORMAL,apps/web/components/survey/live/survey-workspace.tsx,814dc05a36e1f2645b7528b9dacc0a344ec615ae,
SV26-0060,,04-workspace,/studio/survey/{surveyId}/publish,自有合成数据；运行时可用,复制为新草稿,动作仅影响当前对象；冲突不可静默覆盖；草稿复制生成独立身份且无旧答卷,NOT_STARTED,MAIN,NORMAL,apps/web/components/survey/live/survey-workspace.tsx,814dc05a36e1f2645b7528b9dacc0a344ec615ae,
SV26-0061,,04-workspace,/studio/survey/{surveyId}/publish,自有合成数据；运行时可用,复制弹窗取消,动作仅影响当前对象；冲突不可静默覆盖；草稿复制生成独立身份且无旧答卷,NOT_STARTED,MAIN,NORMAL,apps/web/components/survey/live/survey-workspace.tsx,814dc05a36e1f2645b7528b9dacc0a344ec615ae,
SV26-0062,,04-workspace,/studio/survey/{surveyId}/publish,自有合成数据；运行时可用,确认创建新草稿,动作仅影响当前对象；冲突不可静默覆盖；草稿复制生成独立身份且无旧答卷,NOT_STARTED,MAIN,NORMAL,apps/web/components/survey/live/survey-workspace.tsx,814dc05a36e1f2645b7528b9dacc0a344ec615ae,
SV26-0063,,04-workspace,/studio/survey/{surveyId}/publish,自有合成数据；运行时可用,系统错误重试发布,动作仅影响当前对象；冲突不可静默覆盖；草稿复制生成独立身份且无旧答卷,NOT_STARTED,MAIN,NORMAL,apps/web/components/survey/live/survey-workspace.tsx,814dc05a36e1f2645b7528b9dacc0a344ec615ae,
SV26-0064,,04-workspace,/studio/survey/{surveyId}/publish,自有合成数据；运行时可用,版本冲突：加载远端,动作仅影响当前对象；冲突不可静默覆盖；草稿复制生成独立身份且无旧答卷,NOT_STARTED,MAIN,NORMAL,apps/web/components/survey/live/survey-workspace.tsx,814dc05a36e1f2645b7528b9dacc0a344ec615ae,
SV26-0065,,04-workspace,/studio/survey/{surveyId}/publish,自有合成数据；运行时可用,版本冲突：保留本地,动作仅影响当前对象；冲突不可静默覆盖；草稿复制生成独立身份且无旧答卷,NOT_STARTED,MAIN,NORMAL,apps/web/components/survey/live/survey-workspace.tsx,814dc05a36e1f2645b7528b9dacc0a344ec615ae,
SV26-0066,,05-design-check,/studio/survey/{surveyId}/design,自有合成数据；运行时可用,空问卷自动错误,无需手动检查；具体诊断正确；定位对应非首题；未保存修改即时更新；服务端独立拒绝无效发布,NOT_STARTED,MAIN,NORMAL,apps/web/components/survey/live/survey-workspace.tsx,814dc05a36e1f2645b7528b9dacc0a344ec615ae,
SV26-0067,,05-design-check,/studio/survey/{surveyId}/design,自有合成数据；运行时可用,空选项自动错误,无需手动检查；具体诊断正确；定位对应非首题；未保存修改即时更新；服务端独立拒绝无效发布,NOT_STARTED,MAIN,NORMAL,apps/web/components/survey/live/survey-workspace.tsx,814dc05a36e1f2645b7528b9dacc0a344ec615ae,
SV26-0068,,05-design-check,/studio/survey/{surveyId}/design,自有合成数据；运行时可用,诱导措辞自动错误,无需手动检查；具体诊断正确；定位对应非首题；未保存修改即时更新；服务端独立拒绝无效发布,NOT_STARTED,MAIN,NORMAL,apps/web/components/survey/live/survey-workspace.tsx,814dc05a36e1f2645b7528b9dacc0a344ec615ae,
SV26-0069,,05-design-check,/studio/survey/{surveyId}/design,自有合成数据；运行时可用,图片配置自动错误,无需手动检查；具体诊断正确；定位对应非首题；未保存修改即时更新；服务端独立拒绝无效发布,NOT_STARTED,MAIN,NORMAL,apps/web/components/survey/live/survey-workspace.tsx,814dc05a36e1f2645b7528b9dacc0a344ec615ae,
SV26-0070,,05-design-check,/studio/survey/{surveyId}/design,自有合成数据；运行时可用,无效逻辑自动错误,无需手动检查；具体诊断正确；定位对应非首题；未保存修改即时更新；服务端独立拒绝无效发布,NOT_STARTED,MAIN,NORMAL,apps/web/components/survey/live/survey-workspace.tsx,814dc05a36e1f2645b7528b9dacc0a344ec615ae,
SV26-0071,,05-design-check,/studio/survey/{surveyId}/design,自有合成数据；运行时可用,题目缺报告映射自动错误,无需手动检查；具体诊断正确；定位对应非首题；未保存修改即时更新；服务端独立拒绝无效发布,NOT_STARTED,MAIN,NORMAL,apps/web/components/survey/live/survey-workspace.tsx,814dc05a36e1f2645b7528b9dacc0a344ec615ae,
SV26-0072,,05-design-check,/studio/survey/{surveyId}/design,自有合成数据；运行时可用,章节无题目供应自动错误,无需手动检查；具体诊断正确；定位对应非首题；未保存修改即时更新；服务端独立拒绝无效发布,NOT_STARTED,MAIN,NORMAL,apps/web/components/survey/live/survey-workspace.tsx,814dc05a36e1f2645b7528b9dacc0a344ec615ae,
SV26-0073,,05-design-check,/studio/survey/{surveyId}/design,自有合成数据；运行时可用,修复后自动通过,无需手动检查；具体诊断正确；定位对应非首题；未保存修改即时更新；服务端独立拒绝无效发布,NOT_STARTED,MAIN,NORMAL,apps/web/components/survey/live/survey-workspace.tsx,814dc05a36e1f2645b7528b9dacc0a344ec615ae,
SV26-0074,,05-design-check,/studio/survey/{surveyId}/design,自有合成数据；运行时可用,服务器422返回设计保留诊断,无需手动检查；具体诊断正确；定位对应非首题；未保存修改即时更新；服务端独立拒绝无效发布,NOT_STARTED,MAIN,NORMAL,apps/web/components/survey/live/survey-workspace.tsx,814dc05a36e1f2645b7528b9dacc0a344ec615ae,
SV26-0075,,05-design-check,/studio/survey/{surveyId}/design,自有合成数据；运行时可用,定位并修复：题目,无需手动检查；具体诊断正确；定位对应非首题；未保存修改即时更新；服务端独立拒绝无效发布,NOT_STARTED,MAIN,NORMAL,apps/web/components/survey/live/survey-workspace.tsx,814dc05a36e1f2645b7528b9dacc0a344ec615ae,
SV26-0076,,05-design-check,/studio/survey/{surveyId}/design,自有合成数据；运行时可用,定位并修复：映射,无需手动检查；具体诊断正确；定位对应非首题；未保存修改即时更新；服务端独立拒绝无效发布,NOT_STARTED,MAIN,NORMAL,apps/web/components/survey/live/survey-workspace.tsx,814dc05a36e1f2645b7528b9dacc0a344ec615ae,
SV26-0077,,06-editor-common,/studio/survey/{surveyId}/design,自有合成数据；运行时可用,新增题目,内容/顺序/选择/必答按动作改变；边界禁用；保存后undo/redo仍可用；不跳回旧修复题；刷新持久化,NOT_STARTED,MAIN,NORMAL,apps/web/components/survey/live/question-editor.tsx,814dc05a36e1f2645b7528b9dacc0a344ec615ae,
SV26-0078,,06-editor-common,/studio/survey/{surveyId}/design,自有合成数据；运行时可用,搜索题目,内容/顺序/选择/必答按动作改变；边界禁用；保存后undo/redo仍可用；不跳回旧修复题；刷新持久化,NOT_STARTED,MAIN,NORMAL,apps/web/components/survey/live/question-editor.tsx,814dc05a36e1f2645b7528b9dacc0a344ec615ae,
SV26-0079,,06-editor-common,/studio/survey/{surveyId}/design,自有合成数据；运行时可用,搜索题型,内容/顺序/选择/必答按动作改变；边界禁用；保存后undo/redo仍可用；不跳回旧修复题；刷新持久化,NOT_STARTED,MAIN,NORMAL,apps/web/components/survey/live/question-editor.tsx,814dc05a36e1f2645b7528b9dacc0a344ec615ae,
SV26-0080,,06-editor-common,/studio/survey/{surveyId}/design,自有合成数据；运行时可用,题型分组选项,内容/顺序/选择/必答按动作改变；边界禁用；保存后undo/redo仍可用；不跳回旧修复题；刷新持久化,NOT_STARTED,MAIN,NORMAL,apps/web/components/survey/live/question-editor.tsx,814dc05a36e1f2645b7528b9dacc0a344ec615ae,
SV26-0081,,06-editor-common,/studio/survey/{surveyId}/design,自有合成数据；运行时可用,选择题目,内容/顺序/选择/必答按动作改变；边界禁用；保存后undo/redo仍可用；不跳回旧修复题；刷新持久化,NOT_STARTED,MAIN,NORMAL,apps/web/components/survey/live/question-editor.tsx,814dc05a36e1f2645b7528b9dacc0a344ec615ae,
SV26-0082,,06-editor-common,/studio/survey/{surveyId}/design,自有合成数据；运行时可用,问题内容,内容/顺序/选择/必答按动作改变；边界禁用；保存后undo/redo仍可用；不跳回旧修复题；刷新持久化,NOT_STARTED,MAIN,NORMAL,apps/web/components/survey/live/question-editor.tsx,814dc05a36e1f2645b7528b9dacc0a344ec615ae,
SV26-0083,,06-editor-common,/studio/survey/{surveyId}/design,自有合成数据；运行时可用,题目说明,内容/顺序/选择/必答按动作改变；边界禁用；保存后undo/redo仍可用；不跳回旧修复题；刷新持久化,NOT_STARTED,MAIN,NORMAL,apps/web/components/survey/live/question-editor.tsx,814dc05a36e1f2645b7528b9dacc0a344ec615ae,
SV26-0084,,06-editor-common,/studio/survey/{surveyId}/design,自有合成数据；运行时可用,所属章节,内容/顺序/选择/必答按动作改变；边界禁用；保存后undo/redo仍可用；不跳回旧修复题；刷新持久化,NOT_STARTED,MAIN,NORMAL,apps/web/components/survey/live/question-editor.tsx,814dc05a36e1f2645b7528b9dacc0a344ec615ae,
SV26-0085,,06-editor-common,/studio/survey/{surveyId}/design,自有合成数据；运行时可用,必答：打开,内容/顺序/选择/必答按动作改变；边界禁用；保存后undo/redo仍可用；不跳回旧修复题；刷新持久化,NOT_STARTED,MAIN,NORMAL,apps/web/components/survey/live/question-editor.tsx,814dc05a36e1f2645b7528b9dacc0a344ec615ae,
SV26-0086,,06-editor-common,/studio/survey/{surveyId}/design,自有合成数据；运行时可用,必答：关闭,内容/顺序/选择/必答按动作改变；边界禁用；保存后undo/redo仍可用；不跳回旧修复题；刷新持久化,NOT_STARTED,MAIN,NORMAL,apps/web/components/survey/live/question-editor.tsx,814dc05a36e1f2645b7528b9dacc0a344ec615ae,
SV26-0087,,06-editor-common,/studio/survey/{surveyId}/design,自有合成数据；运行时可用,确认切换题型→取消,内容/顺序/选择/必答按动作改变；边界禁用；保存后undo/redo仍可用；不跳回旧修复题；刷新持久化,NOT_STARTED,MAIN,NORMAL,apps/web/components/survey/live/question-editor.tsx,814dc05a36e1f2645b7528b9dacc0a344ec615ae,
SV26-0088,,06-editor-common,/studio/survey/{surveyId}/design,自有合成数据；运行时可用,确认切换题型→确认,内容/顺序/选择/必答按动作改变；边界禁用；保存后undo/redo仍可用；不跳回旧修复题；刷新持久化,NOT_STARTED,MAIN,NORMAL,apps/web/components/survey/live/question-editor.tsx,814dc05a36e1f2645b7528b9dacc0a344ec615ae,
SV26-0089,,06-editor-common,/studio/survey/{surveyId}/design,自有合成数据；运行时可用,上移题目（大纲）,内容/顺序/选择/必答按动作改变；边界禁用；保存后undo/redo仍可用；不跳回旧修复题；刷新持久化,NOT_STARTED,MAIN,NORMAL,apps/web/components/survey/live/question-editor.tsx,814dc05a36e1f2645b7528b9dacc0a344ec615ae,
SV26-0090,,06-editor-common,/studio/survey/{surveyId}/design,自有合成数据；运行时可用,下移题目（大纲）,内容/顺序/选择/必答按动作改变；边界禁用；保存后undo/redo仍可用；不跳回旧修复题；刷新持久化,NOT_STARTED,MAIN,NORMAL,apps/web/components/survey/live/question-editor.tsx,814dc05a36e1f2645b7528b9dacc0a344ec615ae,
SV26-0091,,06-editor-common,/studio/survey/{surveyId}/design,自有合成数据；运行时可用,上移（设置）,内容/顺序/选择/必答按动作改变；边界禁用；保存后undo/redo仍可用；不跳回旧修复题；刷新持久化,NOT_STARTED,MAIN,NORMAL,apps/web/components/survey/live/question-editor.tsx,814dc05a36e1f2645b7528b9dacc0a344ec615ae,
SV26-0092,,06-editor-common,/studio/survey/{surveyId}/design,自有合成数据；运行时可用,下移（设置）,内容/顺序/选择/必答按动作改变；边界禁用；保存后undo/redo仍可用；不跳回旧修复题；刷新持久化,NOT_STARTED,MAIN,NORMAL,apps/web/components/survey/live/question-editor.tsx,814dc05a36e1f2645b7528b9dacc0a344ec615ae,
SV26-0093,,06-editor-common,/studio/survey/{surveyId}/design,自有合成数据；运行时可用,复制题目（设置）,内容/顺序/选择/必答按动作改变；边界禁用；保存后undo/redo仍可用；不跳回旧修复题；刷新持久化,NOT_STARTED,MAIN,NORMAL,apps/web/components/survey/live/question-editor.tsx,814dc05a36e1f2645b7528b9dacc0a344ec615ae,
SV26-0094,,06-editor-common,/studio/survey/{surveyId}/design,自有合成数据；运行时可用,删除题目（设置）,内容/顺序/选择/必答按动作改变；边界禁用；保存后undo/redo仍可用；不跳回旧修复题；刷新持久化,NOT_STARTED,MAIN,NORMAL,apps/web/components/survey/live/question-editor.tsx,814dc05a36e1f2645b7528b9dacc0a344ec615ae,
SV26-0095,,06-editor-common,/studio/survey/{surveyId}/design,自有合成数据；运行时可用,撤销删除,内容/顺序/选择/必答按动作改变；边界禁用；保存后undo/redo仍可用；不跳回旧修复题；刷新持久化,NOT_STARTED,MAIN,NORMAL,apps/web/components/survey/live/question-editor.tsx,814dc05a36e1f2645b7528b9dacc0a344ec615ae,
SV26-0096,,06-editor-common,/studio/survey/{surveyId}/design,自有合成数据；运行时可用,在题后添加题目（画布）,内容/顺序/选择/必答按动作改变；边界禁用；保存后undo/redo仍可用；不跳回旧修复题；刷新持久化,NOT_STARTED,MAIN,NORMAL,apps/web/components/survey/live/question-editor.tsx,814dc05a36e1f2645b7528b9dacc0a344ec615ae,
SV26-0097,,06-editor-common,/studio/survey/{surveyId}/design,自有合成数据；运行时可用,复制题目（画布）,内容/顺序/选择/必答按动作改变；边界禁用；保存后undo/redo仍可用；不跳回旧修复题；刷新持久化,NOT_STARTED,MAIN,NORMAL,apps/web/components/survey/live/question-editor.tsx,814dc05a36e1f2645b7528b9dacc0a344ec615ae,
SV26-0098,,06-editor-common,/studio/survey/{surveyId}/design,自有合成数据；运行时可用,删除题目（画布）,内容/顺序/选择/必答按动作改变；边界禁用；保存后undo/redo仍可用；不跳回旧修复题；刷新持久化,NOT_STARTED,MAIN,NORMAL,apps/web/components/survey/live/question-editor.tsx,814dc05a36e1f2645b7528b9dacc0a344ec615ae,
SV26-0099,,06-editor-common,/studio/survey/{surveyId}/design,自有合成数据；运行时可用,上移题目（画布）,内容/顺序/选择/必答按动作改变；边界禁用；保存后undo/redo仍可用；不跳回旧修复题；刷新持久化,NOT_STARTED,MAIN,NORMAL,apps/web/components/survey/live/question-editor.tsx,814dc05a36e1f2645b7528b9dacc0a344ec615ae,
SV26-0100,,06-editor-common,/studio/survey/{surveyId}/design,自有合成数据；运行时可用,下移题目（画布）,内容/顺序/选择/必答按动作改变；边界禁用；保存后undo/redo仍可用；不跳回旧修复题；刷新持久化,NOT_STARTED,MAIN,NORMAL,apps/web/components/survey/live/question-editor.tsx,814dc05a36e1f2645b7528b9dacc0a344ec615ae,
SV26-0101,,06-editor-common,/studio/survey/{surveyId}/design,自有合成数据；运行时可用,编辑题目内容,内容/顺序/选择/必答按动作改变；边界禁用；保存后undo/redo仍可用；不跳回旧修复题；刷新持久化,NOT_STARTED,MAIN,NORMAL,apps/web/components/survey/live/question-editor.tsx,814dc05a36e1f2645b7528b9dacc0a344ec615ae,
SV26-0102,,06-editor-common,/studio/survey/{surveyId}/design,自有合成数据；运行时可用,撤销最近修改,内容/顺序/选择/必答按动作改变；边界禁用；保存后undo/redo仍可用；不跳回旧修复题；刷新持久化,NOT_STARTED,MAIN,NORMAL,apps/web/components/survey/live/question-editor.tsx,814dc05a36e1f2645b7528b9dacc0a344ec615ae,
SV26-0103,,06-editor-common,/studio/survey/{surveyId}/design,自有合成数据；运行时可用,重做最近修改,内容/顺序/选择/必答按动作改变；边界禁用；保存后undo/redo仍可用；不跳回旧修复题；刷新持久化,NOT_STARTED,MAIN,NORMAL,apps/web/components/survey/live/question-editor.tsx,814dc05a36e1f2645b7528b9dacc0a344ec615ae,
SV26-0104,,06-editor-common,/studio/survey/{surveyId}/design,自有合成数据；运行时可用,试填问卷,内容/顺序/选择/必答按动作改变；边界禁用；保存后undo/redo仍可用；不跳回旧修复题；刷新持久化,NOT_STARTED,MAIN,NORMAL,apps/web/components/survey/live/question-editor.tsx,814dc05a36e1f2645b7528b9dacc0a344ec615ae,
SV26-0105,,06-editor-common,/studio/survey/{surveyId}/design,自有合成数据；运行时可用,返回设计,内容/顺序/选择/必答按动作改变；边界禁用；保存后undo/redo仍可用；不跳回旧修复题；刷新持久化,NOT_STARTED,MAIN,NORMAL,apps/web/components/survey/live/question-editor.tsx,814dc05a36e1f2645b7528b9dacc0a344ec615ae,
SV26-0106,,06-editor-common,/studio/survey/{surveyId}/design,自有合成数据；运行时可用,试填上一页,内容/顺序/选择/必答按动作改变；边界禁用；保存后undo/redo仍可用；不跳回旧修复题；刷新持久化,NOT_STARTED,MAIN,NORMAL,apps/web/components/survey/live/question-editor.tsx,814dc05a36e1f2645b7528b9dacc0a344ec615ae,
SV26-0107,,06-editor-common,/studio/survey/{surveyId}/design,自有合成数据；运行时可用,试填下一页,内容/顺序/选择/必答按动作改变；边界禁用；保存后undo/redo仍可用；不跳回旧修复题；刷新持久化,NOT_STARTED,MAIN,NORMAL,apps/web/components/survey/live/question-editor.tsx,814dc05a36e1f2645b7528b9dacc0a344ec615ae,
SV26-0108,,06-editor-common,/studio/survey/{surveyId}/design,自有合成数据；运行时可用,桌面预览,内容/顺序/选择/必答按动作改变；边界禁用；保存后undo/redo仍可用；不跳回旧修复题；刷新持久化,NOT_STARTED,MAIN,NORMAL,apps/web/components/survey/live/question-editor.tsx,814dc05a36e1f2645b7528b9dacc0a344ec615ae,
SV26-0109,,06-editor-common,/studio/survey/{surveyId}/design,自有合成数据；运行时可用,平板预览,内容/顺序/选择/必答按动作改变；边界禁用；保存后undo/redo仍可用；不跳回旧修复题；刷新持久化,NOT_STARTED,MAIN,NORMAL,apps/web/components/survey/live/question-editor.tsx,814dc05a36e1f2645b7528b9dacc0a344ec615ae,
SV26-0110,,06-editor-common,/studio/survey/{surveyId}/design,自有合成数据；运行时可用,手机预览,内容/顺序/选择/必答按动作改变；边界禁用；保存后undo/redo仍可用；不跳回旧修复题；刷新持久化,NOT_STARTED,MAIN,NORMAL,apps/web/components/survey/live/question-editor.tsx,814dc05a36e1f2645b7528b9dacc0a344ec615ae,
SV26-0111,,07-markdown,/studio/survey/{surveyId}/design,自有合成数据；运行时可用,Markdown 问卷内容展开,源编辑预览应用分开；语法错误可见；未应用内容不被投影覆盖,NOT_STARTED,MAIN,NORMAL,apps/web/components/survey/live/markdown-survey-editor.tsx,814dc05a36e1f2645b7528b9dacc0a344ec615ae,
SV26-0112,,07-markdown,/studio/survey/{surveyId}/design,自有合成数据；运行时可用,问卷 Markdown,源编辑预览应用分开；语法错误可见；未应用内容不被投影覆盖,NOT_STARTED,MAIN,NORMAL,apps/web/components/survey/live/markdown-survey-editor.tsx,814dc05a36e1f2645b7528b9dacc0a344ec615ae,
SV26-0113,,07-markdown,/studio/survey/{surveyId}/design,自有合成数据；运行时可用,校对并预览题目,源编辑预览应用分开；语法错误可见；未应用内容不被投影覆盖,NOT_STARTED,MAIN,NORMAL,apps/web/components/survey/live/markdown-survey-editor.tsx,814dc05a36e1f2645b7528b9dacc0a344ec615ae,
SV26-0114,,07-markdown,/studio/survey/{surveyId}/design,自有合成数据；运行时可用,校对 Markdown,源编辑预览应用分开；语法错误可见；未应用内容不被投影覆盖,NOT_STARTED,MAIN,NORMAL,apps/web/components/survey/live/markdown-survey-editor.tsx,814dc05a36e1f2645b7528b9dacc0a344ec615ae,
SV26-0115,,07-markdown,/studio/survey/{surveyId}/design,自有合成数据；运行时可用,继续编辑,源编辑预览应用分开；语法错误可见；未应用内容不被投影覆盖,NOT_STARTED,MAIN,NORMAL,apps/web/components/survey/live/markdown-survey-editor.tsx,814dc05a36e1f2645b7528b9dacc0a344ec615ae,
SV26-0116,,07-markdown,/studio/survey/{surveyId}/design,自有合成数据；运行时可用,应用到问卷,源编辑预览应用分开；语法错误可见；未应用内容不被投影覆盖,NOT_STARTED,MAIN,NORMAL,apps/web/components/survey/live/markdown-survey-editor.tsx,814dc05a36e1f2645b7528b9dacc0a344ec615ae,
SV26-0117,,07-markdown,/studio/survey/{surveyId}/design,自有合成数据；运行时可用,非法源保存拒绝,源编辑预览应用分开；语法错误可见；未应用内容不被投影覆盖,NOT_STARTED,MAIN,NORMAL,apps/web/components/survey/live/markdown-survey-editor.tsx,814dc05a36e1f2645b7528b9dacc0a344ec615ae,
SV26-0118,,07-markdown,/studio/survey/{surveyId}/design,自有合成数据；运行时可用,未应用源→投影编辑禁用,源编辑预览应用分开；语法错误可见；未应用内容不被投影覆盖,NOT_STARTED,MAIN,NORMAL,apps/web/components/survey/live/markdown-survey-editor.tsx,814dc05a36e1f2645b7528b9dacc0a344ec615ae,
SV26-0119,,08-type-single,/studio/survey/{surveyId}/design,未发布专用问卷；定位该类型题目,single：新增题型,新增正确类型和factory默认配置；保存刷新类型保持,NOT_STARTED,MAIN,NORMAL,apps/web/components/survey/live/question-editor.tsx,814dc05a36e1f2645b7528b9dacc0a344ec615ae,
SV26-0120,,08-type-single,/studio/survey/{surveyId}/design,未发布专用问卷；定位该类型题目,single：切换到题型,确认后配置符合该类型；取消不改变旧题,NOT_STARTED,MAIN,NORMAL,apps/web/components/survey/live/question-editor.tsx,814dc05a36e1f2645b7528b9dacc0a344ec615ae,
SV26-0121,,08-type-single,/studio/survey/{surveyId}/design,未发布专用问卷；定位该类型题目,single：设置并保存,展开该题内容和高级规则，填写最小合法配置；刷新保持配置,NOT_STARTED,MAIN,NORMAL,apps/web/components/survey/live/question-editor.tsx,814dc05a36e1f2645b7528b9dacc0a344ec615ae,
SV26-0122,,08-type-single,/studio/survey/{surveyId}/design,同类型最小合法配置,single：试填控件,有效输入能改变试填答案；必答空值拒绝；不产生后台答卷,NOT_STARTED,MAIN,NORMAL,apps/web/components/survey/live/question-renderer.tsx,814dc05a36e1f2645b7528b9dacc0a344ec615ae,
SV26-0123,,08-type-single,/surveys/{token},已发布自有问卷；合法配置；单独submission,single：公开填写并提交,公开控件真实输入、提交成功；后台同questionId及值读取一致,NOT_STARTED,MAIN,NORMAL,apps/web/components/survey/live/question-renderer.tsx,814dc05a36e1f2645b7528b9dacc0a344ec615ae,
SV26-0124,,08-type-multi,/studio/survey/{surveyId}/design,未发布专用问卷；定位该类型题目,multi：新增题型,新增正确类型和factory默认配置；保存刷新类型保持,NOT_STARTED,MAIN,NORMAL,apps/web/components/survey/live/question-editor.tsx,814dc05a36e1f2645b7528b9dacc0a344ec615ae,
SV26-0125,,08-type-multi,/studio/survey/{surveyId}/design,未发布专用问卷；定位该类型题目,multi：切换到题型,确认后配置符合该类型；取消不改变旧题,NOT_STARTED,MAIN,NORMAL,apps/web/components/survey/live/question-editor.tsx,814dc05a36e1f2645b7528b9dacc0a344ec615ae,
SV26-0126,,08-type-multi,/studio/survey/{surveyId}/design,未发布专用问卷；定位该类型题目,multi：设置并保存,展开该题内容和高级规则，填写最小合法配置；刷新保持配置,NOT_STARTED,MAIN,NORMAL,apps/web/components/survey/live/question-editor.tsx,814dc05a36e1f2645b7528b9dacc0a344ec615ae,
SV26-0127,,08-type-multi,/studio/survey/{surveyId}/design,同类型最小合法配置,multi：试填控件,有效输入能改变试填答案；必答空值拒绝；不产生后台答卷,NOT_STARTED,MAIN,NORMAL,apps/web/components/survey/live/question-renderer.tsx,814dc05a36e1f2645b7528b9dacc0a344ec615ae,
SV26-0128,,08-type-multi,/surveys/{token},已发布自有问卷；合法配置；单独submission,multi：公开填写并提交,公开控件真实输入、提交成功；后台同questionId及值读取一致,NOT_STARTED,MAIN,NORMAL,apps/web/components/survey/live/question-renderer.tsx,814dc05a36e1f2645b7528b9dacc0a344ec615ae,
SV26-0129,,08-type-scale,/studio/survey/{surveyId}/design,未发布专用问卷；定位该类型题目,scale：新增题型,新增正确类型和factory默认配置；保存刷新类型保持,NOT_STARTED,MAIN,NORMAL,apps/web/components/survey/live/question-editor.tsx,814dc05a36e1f2645b7528b9dacc0a344ec615ae,
SV26-0130,,08-type-scale,/studio/survey/{surveyId}/design,未发布专用问卷；定位该类型题目,scale：切换到题型,确认后配置符合该类型；取消不改变旧题,NOT_STARTED,MAIN,NORMAL,apps/web/components/survey/live/question-editor.tsx,814dc05a36e1f2645b7528b9dacc0a344ec615ae,
SV26-0131,,08-type-scale,/studio/survey/{surveyId}/design,未发布专用问卷；定位该类型题目,scale：设置并保存,展开该题内容和高级规则，填写最小合法配置；刷新保持配置,NOT_STARTED,MAIN,NORMAL,apps/web/components/survey/live/question-editor.tsx,814dc05a36e1f2645b7528b9dacc0a344ec615ae,
SV26-0132,,08-type-scale,/studio/survey/{surveyId}/design,同类型最小合法配置,scale：试填控件,有效输入能改变试填答案；必答空值拒绝；不产生后台答卷,NOT_STARTED,MAIN,NORMAL,apps/web/components/survey/live/question-renderer.tsx,814dc05a36e1f2645b7528b9dacc0a344ec615ae,
SV26-0133,,08-type-scale,/surveys/{token},已发布自有问卷；合法配置；单独submission,scale：公开填写并提交,公开控件真实输入、提交成功；后台同questionId及值读取一致,NOT_STARTED,MAIN,NORMAL,apps/web/components/survey/live/question-renderer.tsx,814dc05a36e1f2645b7528b9dacc0a344ec615ae,
SV26-0134,,08-type-open,/studio/survey/{surveyId}/design,未发布专用问卷；定位该类型题目,open：新增题型,新增正确类型和factory默认配置；保存刷新类型保持,NOT_STARTED,MAIN,NORMAL,apps/web/components/survey/live/question-editor.tsx,814dc05a36e1f2645b7528b9dacc0a344ec615ae,
SV26-0135,,08-type-open,/studio/survey/{surveyId}/design,未发布专用问卷；定位该类型题目,open：切换到题型,确认后配置符合该类型；取消不改变旧题,NOT_STARTED,MAIN,NORMAL,apps/web/components/survey/live/question-editor.tsx,814dc05a36e1f2645b7528b9dacc0a344ec615ae,
SV26-0136,,08-type-open,/studio/survey/{surveyId}/design,未发布专用问卷；定位该类型题目,open：设置并保存,展开该题内容和高级规则，填写最小合法配置；刷新保持配置,NOT_STARTED,MAIN,NORMAL,apps/web/components/survey/live/question-editor.tsx,814dc05a36e1f2645b7528b9dacc0a344ec615ae,
SV26-0137,,08-type-open,/studio/survey/{surveyId}/design,同类型最小合法配置,open：试填控件,有效输入能改变试填答案；必答空值拒绝；不产生后台答卷,NOT_STARTED,MAIN,NORMAL,apps/web/components/survey/live/question-renderer.tsx,814dc05a36e1f2645b7528b9dacc0a344ec615ae,
SV26-0138,,08-type-open,/surveys/{token},已发布自有问卷；合法配置；单独submission,open：公开填写并提交,公开控件真实输入、提交成功；后台同questionId及值读取一致,NOT_STARTED,MAIN,NORMAL,apps/web/components/survey/live/question-renderer.tsx,814dc05a36e1f2645b7528b9dacc0a344ec615ae,
SV26-0139,,08-type-dropdown,/studio/survey/{surveyId}/design,未发布专用问卷；定位该类型题目,dropdown：新增题型,新增正确类型和factory默认配置；保存刷新类型保持,NOT_STARTED,MAIN,NORMAL,apps/web/components/survey/live/question-editor.tsx,814dc05a36e1f2645b7528b9dacc0a344ec615ae,
SV26-0140,,08-type-dropdown,/studio/survey/{surveyId}/design,未发布专用问卷；定位该类型题目,dropdown：切换到题型,确认后配置符合该类型；取消不改变旧题,NOT_STARTED,MAIN,NORMAL,apps/web/components/survey/live/question-editor.tsx,814dc05a36e1f2645b7528b9dacc0a344ec615ae,
SV26-0141,,08-type-dropdown,/studio/survey/{surveyId}/design,未发布专用问卷；定位该类型题目,dropdown：设置并保存,展开该题内容和高级规则，填写最小合法配置；刷新保持配置,NOT_STARTED,MAIN,NORMAL,apps/web/components/survey/live/question-editor.tsx,814dc05a36e1f2645b7528b9dacc0a344ec615ae,
SV26-0142,,08-type-dropdown,/studio/survey/{surveyId}/design,同类型最小合法配置,dropdown：试填控件,有效输入能改变试填答案；必答空值拒绝；不产生后台答卷,NOT_STARTED,MAIN,NORMAL,apps/web/components/survey/live/question-renderer.tsx,814dc05a36e1f2645b7528b9dacc0a344ec615ae,
SV26-0143,,08-type-dropdown,/surveys/{token},已发布自有问卷；合法配置；单独submission,dropdown：公开填写并提交,公开控件真实输入、提交成功；后台同questionId及值读取一致,NOT_STARTED,MAIN,NORMAL,apps/web/components/survey/live/question-renderer.tsx,814dc05a36e1f2645b7528b9dacc0a344ec615ae,
SV26-0144,,08-type-image_single,/studio/survey/{surveyId}/design,未发布专用问卷；定位该类型题目,image_single：新增题型,新增正确类型和factory默认配置；保存刷新类型保持,NOT_STARTED,MAIN,NORMAL,apps/web/components/survey/live/question-editor.tsx,814dc05a36e1f2645b7528b9dacc0a344ec615ae,
SV26-0145,,08-type-image_single,/studio/survey/{surveyId}/design,未发布专用问卷；定位该类型题目,image_single：切换到题型,确认后配置符合该类型；取消不改变旧题,NOT_STARTED,MAIN,NORMAL,apps/web/components/survey/live/question-editor.tsx,814dc05a36e1f2645b7528b9dacc0a344ec615ae,
SV26-0146,,08-type-image_single,/studio/survey/{surveyId}/design,未发布专用问卷；定位该类型题目,image_single：设置并保存,展开该题内容和高级规则，填写最小合法配置；刷新保持配置,NOT_STARTED,MAIN,NORMAL,apps/web/components/survey/live/question-editor.tsx,814dc05a36e1f2645b7528b9dacc0a344ec615ae,
SV26-0147,,08-type-image_single,/studio/survey/{surveyId}/design,同类型最小合法配置,image_single：试填控件,有效输入能改变试填答案；必答空值拒绝；不产生后台答卷,NOT_STARTED,MAIN,NORMAL,apps/web/components/survey/live/question-renderer.tsx,814dc05a36e1f2645b7528b9dacc0a344ec615ae,
SV26-0148,,08-type-image_single,/surveys/{token},已发布自有问卷；合法配置；单独submission,image_single：公开填写并提交,公开控件真实输入、提交成功；后台同questionId及值读取一致,NOT_STARTED,MAIN,NORMAL,apps/web/components/survey/live/question-renderer.tsx,814dc05a36e1f2645b7528b9dacc0a344ec615ae,
SV26-0149,,08-type-image_multi,/studio/survey/{surveyId}/design,未发布专用问卷；定位该类型题目,image_multi：新增题型,新增正确类型和factory默认配置；保存刷新类型保持,NOT_STARTED,MAIN,NORMAL,apps/web/components/survey/live/question-editor.tsx,814dc05a36e1f2645b7528b9dacc0a344ec615ae,
SV26-0150,,08-type-image_multi,/studio/survey/{surveyId}/design,未发布专用问卷；定位该类型题目,image_multi：切换到题型,确认后配置符合该类型；取消不改变旧题,NOT_STARTED,MAIN,NORMAL,apps/web/components/survey/live/question-editor.tsx,814dc05a36e1f2645b7528b9dacc0a344ec615ae,
SV26-0151,,08-type-image_multi,/studio/survey/{surveyId}/design,未发布专用问卷；定位该类型题目,image_multi：设置并保存,展开该题内容和高级规则，填写最小合法配置；刷新保持配置,NOT_STARTED,MAIN,NORMAL,apps/web/components/survey/live/question-editor.tsx,814dc05a36e1f2645b7528b9dacc0a344ec615ae,
SV26-0152,,08-type-image_multi,/studio/survey/{surveyId}/design,同类型最小合法配置,image_multi：试填控件,有效输入能改变试填答案；必答空值拒绝；不产生后台答卷,NOT_STARTED,MAIN,NORMAL,apps/web/components/survey/live/question-renderer.tsx,814dc05a36e1f2645b7528b9dacc0a344ec615ae,
SV26-0153,,08-type-image_multi,/surveys/{token},已发布自有问卷；合法配置；单独submission,image_multi：公开填写并提交,公开控件真实输入、提交成功；后台同questionId及值读取一致,NOT_STARTED,MAIN,NORMAL,apps/web/components/survey/live/question-renderer.tsx,814dc05a36e1f2645b7528b9dacc0a344ec615ae,
SV26-0154,,08-type-short,/studio/survey/{surveyId}/design,未发布专用问卷；定位该类型题目,short：新增题型,新增正确类型和factory默认配置；保存刷新类型保持,NOT_STARTED,MAIN,NORMAL,apps/web/components/survey/live/question-editor.tsx,814dc05a36e1f2645b7528b9dacc0a344ec615ae,
SV26-0155,,08-type-short,/studio/survey/{surveyId}/design,未发布专用问卷；定位该类型题目,short：切换到题型,确认后配置符合该类型；取消不改变旧题,NOT_STARTED,MAIN,NORMAL,apps/web/components/survey/live/question-editor.tsx,814dc05a36e1f2645b7528b9dacc0a344ec615ae,
SV26-0156,,08-type-short,/studio/survey/{surveyId}/design,未发布专用问卷；定位该类型题目,short：设置并保存,展开该题内容和高级规则，填写最小合法配置；刷新保持配置,NOT_STARTED,MAIN,NORMAL,apps/web/components/survey/live/question-editor.tsx,814dc05a36e1f2645b7528b9dacc0a344ec615ae,
SV26-0157,,08-type-short,/studio/survey/{surveyId}/design,同类型最小合法配置,short：试填控件,有效输入能改变试填答案；必答空值拒绝；不产生后台答卷,NOT_STARTED,MAIN,NORMAL,apps/web/components/survey/live/question-renderer.tsx,814dc05a36e1f2645b7528b9dacc0a344ec615ae,
SV26-0158,,08-type-short,/surveys/{token},已发布自有问卷；合法配置；单独submission,short：公开填写并提交,公开控件真实输入、提交成功；后台同questionId及值读取一致,NOT_STARTED,MAIN,NORMAL,apps/web/components/survey/live/question-renderer.tsx,814dc05a36e1f2645b7528b9dacc0a344ec615ae,
SV26-0159,,08-type-multiple_text,/studio/survey/{surveyId}/design,未发布专用问卷；定位该类型题目,multiple_text：新增题型,新增正确类型和factory默认配置；保存刷新类型保持,NOT_STARTED,MAIN,NORMAL,apps/web/components/survey/live/question-editor.tsx,814dc05a36e1f2645b7528b9dacc0a344ec615ae,
SV26-0160,,08-type-multiple_text,/studio/survey/{surveyId}/design,未发布专用问卷；定位该类型题目,multiple_text：切换到题型,确认后配置符合该类型；取消不改变旧题,NOT_STARTED,MAIN,NORMAL,apps/web/components/survey/live/question-editor.tsx,814dc05a36e1f2645b7528b9dacc0a344ec615ae,
SV26-0161,,08-type-multiple_text,/studio/survey/{surveyId}/design,未发布专用问卷；定位该类型题目,multiple_text：设置并保存,展开该题内容和高级规则，填写最小合法配置；刷新保持配置,NOT_STARTED,MAIN,NORMAL,apps/web/components/survey/live/question-editor.tsx,814dc05a36e1f2645b7528b9dacc0a344ec615ae,
SV26-0162,,08-type-multiple_text,/studio/survey/{surveyId}/design,同类型最小合法配置,multiple_text：试填控件,有效输入能改变试填答案；必答空值拒绝；不产生后台答卷,NOT_STARTED,MAIN,NORMAL,apps/web/components/survey/live/question-renderer.tsx,814dc05a36e1f2645b7528b9dacc0a344ec615ae,
SV26-0163,,08-type-multiple_text,/surveys/{token},已发布自有问卷；合法配置；单独submission,multiple_text：公开填写并提交,公开控件真实输入、提交成功；后台同questionId及值读取一致,NOT_STARTED,MAIN,NORMAL,apps/web/components/survey/live/question-renderer.tsx,814dc05a36e1f2645b7528b9dacc0a344ec615ae,
SV26-0164,,08-type-number,/studio/survey/{surveyId}/design,未发布专用问卷；定位该类型题目,number：新增题型,新增正确类型和factory默认配置；保存刷新类型保持,NOT_STARTED,MAIN,NORMAL,apps/web/components/survey/live/question-editor.tsx,814dc05a36e1f2645b7528b9dacc0a344ec615ae,
SV26-0165,,08-type-number,/studio/survey/{surveyId}/design,未发布专用问卷；定位该类型题目,number：切换到题型,确认后配置符合该类型；取消不改变旧题,NOT_STARTED,MAIN,NORMAL,apps/web/components/survey/live/question-editor.tsx,814dc05a36e1f2645b7528b9dacc0a344ec615ae,
SV26-0166,,08-type-number,/studio/survey/{surveyId}/design,未发布专用问卷；定位该类型题目,number：设置并保存,展开该题内容和高级规则，填写最小合法配置；刷新保持配置,NOT_STARTED,MAIN,NORMAL,apps/web/components/survey/live/question-editor.tsx,814dc05a36e1f2645b7528b9dacc0a344ec615ae,
SV26-0167,,08-type-number,/studio/survey/{surveyId}/design,同类型最小合法配置,number：试填控件,有效输入能改变试填答案；必答空值拒绝；不产生后台答卷,NOT_STARTED,MAIN,NORMAL,apps/web/components/survey/live/question-renderer.tsx,814dc05a36e1f2645b7528b9dacc0a344ec615ae,
SV26-0168,,08-type-number,/surveys/{token},已发布自有问卷；合法配置；单独submission,number：公开填写并提交,公开控件真实输入、提交成功；后台同questionId及值读取一致,NOT_STARTED,MAIN,NORMAL,apps/web/components/survey/live/question-renderer.tsx,814dc05a36e1f2645b7528b9dacc0a344ec615ae,
SV26-0169,,08-type-date,/studio/survey/{surveyId}/design,未发布专用问卷；定位该类型题目,date：新增题型,新增正确类型和factory默认配置；保存刷新类型保持,NOT_STARTED,MAIN,NORMAL,apps/web/components/survey/live/question-editor.tsx,814dc05a36e1f2645b7528b9dacc0a344ec615ae,
SV26-0170,,08-type-date,/studio/survey/{surveyId}/design,未发布专用问卷；定位该类型题目,date：切换到题型,确认后配置符合该类型；取消不改变旧题,NOT_STARTED,MAIN,NORMAL,apps/web/components/survey/live/question-editor.tsx,814dc05a36e1f2645b7528b9dacc0a344ec615ae,
SV26-0171,,08-type-date,/studio/survey/{surveyId}/design,未发布专用问卷；定位该类型题目,date：设置并保存,展开该题内容和高级规则，填写最小合法配置；刷新保持配置,NOT_STARTED,MAIN,NORMAL,apps/web/components/survey/live/question-editor.tsx,814dc05a36e1f2645b7528b9dacc0a344ec615ae,
SV26-0172,,08-type-date,/studio/survey/{surveyId}/design,同类型最小合法配置,date：试填控件,有效输入能改变试填答案；必答空值拒绝；不产生后台答卷,NOT_STARTED,MAIN,NORMAL,apps/web/components/survey/live/question-renderer.tsx,814dc05a36e1f2645b7528b9dacc0a344ec615ae,
SV26-0173,,08-type-date,/surveys/{token},已发布自有问卷；合法配置；单独submission,date：公开填写并提交,公开控件真实输入、提交成功；后台同questionId及值读取一致,NOT_STARTED,MAIN,NORMAL,apps/web/components/survey/live/question-renderer.tsx,814dc05a36e1f2645b7528b9dacc0a344ec615ae,
SV26-0174,,08-type-time,/studio/survey/{surveyId}/design,未发布专用问卷；定位该类型题目,time：新增题型,新增正确类型和factory默认配置；保存刷新类型保持,NOT_STARTED,MAIN,NORMAL,apps/web/components/survey/live/question-editor.tsx,814dc05a36e1f2645b7528b9dacc0a344ec615ae,
SV26-0175,,08-type-time,/studio/survey/{surveyId}/design,未发布专用问卷；定位该类型题目,time：切换到题型,确认后配置符合该类型；取消不改变旧题,NOT_STARTED,MAIN,NORMAL,apps/web/components/survey/live/question-editor.tsx,814dc05a36e1f2645b7528b9dacc0a344ec615ae,
SV26-0176,,08-type-time,/studio/survey/{surveyId}/design,未发布专用问卷；定位该类型题目,time：设置并保存,展开该题内容和高级规则，填写最小合法配置；刷新保持配置,NOT_STARTED,MAIN,NORMAL,apps/web/components/survey/live/question-editor.tsx,814dc05a36e1f2645b7528b9dacc0a344ec615ae,
SV26-0177,,08-type-time,/studio/survey/{surveyId}/design,同类型最小合法配置,time：试填控件,有效输入能改变试填答案；必答空值拒绝；不产生后台答卷,NOT_STARTED,MAIN,NORMAL,apps/web/components/survey/live/question-renderer.tsx,814dc05a36e1f2645b7528b9dacc0a344ec615ae,
SV26-0178,,08-type-time,/surveys/{token},已发布自有问卷；合法配置；单独submission,time：公开填写并提交,公开控件真实输入、提交成功；后台同questionId及值读取一致,NOT_STARTED,MAIN,NORMAL,apps/web/components/survey/live/question-renderer.tsx,814dc05a36e1f2645b7528b9dacc0a344ec615ae,
SV26-0179,,08-type-datetime,/studio/survey/{surveyId}/design,未发布专用问卷；定位该类型题目,datetime：新增题型,新增正确类型和factory默认配置；保存刷新类型保持,NOT_STARTED,MAIN,NORMAL,apps/web/components/survey/live/question-editor.tsx,814dc05a36e1f2645b7528b9dacc0a344ec615ae,
SV26-0180,,08-type-datetime,/studio/survey/{surveyId}/design,未发布专用问卷；定位该类型题目,datetime：切换到题型,确认后配置符合该类型；取消不改变旧题,NOT_STARTED,MAIN,NORMAL,apps/web/components/survey/live/question-editor.tsx,814dc05a36e1f2645b7528b9dacc0a344ec615ae,
SV26-0181,,08-type-datetime,/studio/survey/{surveyId}/design,未发布专用问卷；定位该类型题目,datetime：设置并保存,展开该题内容和高级规则，填写最小合法配置；刷新保持配置,NOT_STARTED,MAIN,NORMAL,apps/web/components/survey/live/question-editor.tsx,814dc05a36e1f2645b7528b9dacc0a344ec615ae,
SV26-0182,,08-type-datetime,/studio/survey/{surveyId}/design,同类型最小合法配置,datetime：试填控件,有效输入能改变试填答案；必答空值拒绝；不产生后台答卷,NOT_STARTED,MAIN,NORMAL,apps/web/components/survey/live/question-renderer.tsx,814dc05a36e1f2645b7528b9dacc0a344ec615ae,
SV26-0183,,08-type-datetime,/surveys/{token},已发布自有问卷；合法配置；单独submission,datetime：公开填写并提交,公开控件真实输入、提交成功；后台同questionId及值读取一致,NOT_STARTED,MAIN,NORMAL,apps/web/components/survey/live/question-renderer.tsx,814dc05a36e1f2645b7528b9dacc0a344ec615ae,
SV26-0184,,08-type-email,/studio/survey/{surveyId}/design,未发布专用问卷；定位该类型题目,email：新增题型,新增正确类型和factory默认配置；保存刷新类型保持,NOT_STARTED,MAIN,NORMAL,apps/web/components/survey/live/question-editor.tsx,814dc05a36e1f2645b7528b9dacc0a344ec615ae,
SV26-0185,,08-type-email,/studio/survey/{surveyId}/design,未发布专用问卷；定位该类型题目,email：切换到题型,确认后配置符合该类型；取消不改变旧题,NOT_STARTED,MAIN,NORMAL,apps/web/components/survey/live/question-editor.tsx,814dc05a36e1f2645b7528b9dacc0a344ec615ae,
SV26-0186,,08-type-email,/studio/survey/{surveyId}/design,未发布专用问卷；定位该类型题目,email：设置并保存,展开该题内容和高级规则，填写最小合法配置；刷新保持配置,NOT_STARTED,MAIN,NORMAL,apps/web/components/survey/live/question-editor.tsx,814dc05a36e1f2645b7528b9dacc0a344ec615ae,
SV26-0187,,08-type-email,/studio/survey/{surveyId}/design,同类型最小合法配置,email：试填控件,有效输入能改变试填答案；必答空值拒绝；不产生后台答卷,NOT_STARTED,MAIN,NORMAL,apps/web/components/survey/live/question-renderer.tsx,814dc05a36e1f2645b7528b9dacc0a344ec615ae,
SV26-0188,,08-type-email,/surveys/{token},已发布自有问卷；合法配置；单独submission,email：公开填写并提交,公开控件真实输入、提交成功；后台同questionId及值读取一致,NOT_STARTED,MAIN,NORMAL,apps/web/components/survey/live/question-renderer.tsx,814dc05a36e1f2645b7528b9dacc0a344ec615ae,
SV26-0189,,08-type-phone,/studio/survey/{surveyId}/design,未发布专用问卷；定位该类型题目,phone：新增题型,新增正确类型和factory默认配置；保存刷新类型保持,NOT_STARTED,MAIN,NORMAL,apps/web/components/survey/live/question-editor.tsx,814dc05a36e1f2645b7528b9dacc0a344ec615ae,
SV26-0190,,08-type-phone,/studio/survey/{surveyId}/design,未发布专用问卷；定位该类型题目,phone：切换到题型,确认后配置符合该类型；取消不改变旧题,NOT_STARTED,MAIN,NORMAL,apps/web/components/survey/live/question-editor.tsx,814dc05a36e1f2645b7528b9dacc0a344ec615ae,
SV26-0191,,08-type-phone,/studio/survey/{surveyId}/design,未发布专用问卷；定位该类型题目,phone：设置并保存,展开该题内容和高级规则，填写最小合法配置；刷新保持配置,NOT_STARTED,MAIN,NORMAL,apps/web/components/survey/live/question-editor.tsx,814dc05a36e1f2645b7528b9dacc0a344ec615ae,
SV26-0192,,08-type-phone,/studio/survey/{surveyId}/design,同类型最小合法配置,phone：试填控件,有效输入能改变试填答案；必答空值拒绝；不产生后台答卷,NOT_STARTED,MAIN,NORMAL,apps/web/components/survey/live/question-renderer.tsx,814dc05a36e1f2645b7528b9dacc0a344ec615ae,
SV26-0193,,08-type-phone,/surveys/{token},已发布自有问卷；合法配置；单独submission,phone：公开填写并提交,公开控件真实输入、提交成功；后台同questionId及值读取一致,NOT_STARTED,MAIN,NORMAL,apps/web/components/survey/live/question-renderer.tsx,814dc05a36e1f2645b7528b9dacc0a344ec615ae,
SV26-0194,,08-type-address,/studio/survey/{surveyId}/design,未发布专用问卷；定位该类型题目,address：新增题型,新增正确类型和factory默认配置；保存刷新类型保持,NOT_STARTED,MAIN,NORMAL,apps/web/components/survey/live/question-editor.tsx,814dc05a36e1f2645b7528b9dacc0a344ec615ae,
SV26-0195,,08-type-address,/studio/survey/{surveyId}/design,未发布专用问卷；定位该类型题目,address：切换到题型,确认后配置符合该类型；取消不改变旧题,NOT_STARTED,MAIN,NORMAL,apps/web/components/survey/live/question-editor.tsx,814dc05a36e1f2645b7528b9dacc0a344ec615ae,
SV26-0196,,08-type-address,/studio/survey/{surveyId}/design,未发布专用问卷；定位该类型题目,address：设置并保存,展开该题内容和高级规则，填写最小合法配置；刷新保持配置,NOT_STARTED,MAIN,NORMAL,apps/web/components/survey/live/question-editor.tsx,814dc05a36e1f2645b7528b9dacc0a344ec615ae,
SV26-0197,,08-type-address,/studio/survey/{surveyId}/design,同类型最小合法配置,address：试填控件,有效输入能改变试填答案；必答空值拒绝；不产生后台答卷,NOT_STARTED,MAIN,NORMAL,apps/web/components/survey/live/question-renderer.tsx,814dc05a36e1f2645b7528b9dacc0a344ec615ae,
SV26-0198,,08-type-address,/surveys/{token},已发布自有问卷；合法配置；单独submission,address：公开填写并提交,公开控件真实输入、提交成功；后台同questionId及值读取一致,NOT_STARTED,MAIN,NORMAL,apps/web/components/survey/live/question-renderer.tsx,814dc05a36e1f2645b7528b9dacc0a344ec615ae,
SV26-0199,,08-type-cascade,/studio/survey/{surveyId}/design,未发布专用问卷；定位该类型题目,cascade：新增题型,新增正确类型和factory默认配置；保存刷新类型保持,NOT_STARTED,MAIN,NORMAL,apps/web/components/survey/live/question-editor.tsx,814dc05a36e1f2645b7528b9dacc0a344ec615ae,
SV26-0200,,08-type-cascade,/studio/survey/{surveyId}/design,未发布专用问卷；定位该类型题目,cascade：切换到题型,确认后配置符合该类型；取消不改变旧题,NOT_STARTED,MAIN,NORMAL,apps/web/components/survey/live/question-editor.tsx,814dc05a36e1f2645b7528b9dacc0a344ec615ae,
SV26-0201,,08-type-cascade,/studio/survey/{surveyId}/design,未发布专用问卷；定位该类型题目,cascade：设置并保存,展开该题内容和高级规则，填写最小合法配置；刷新保持配置,NOT_STARTED,MAIN,NORMAL,apps/web/components/survey/live/question-editor.tsx,814dc05a36e1f2645b7528b9dacc0a344ec615ae,
SV26-0202,,08-type-cascade,/studio/survey/{surveyId}/design,同类型最小合法配置,cascade：试填控件,有效输入能改变试填答案；必答空值拒绝；不产生后台答卷,NOT_STARTED,MAIN,NORMAL,apps/web/components/survey/live/question-renderer.tsx,814dc05a36e1f2645b7528b9dacc0a344ec615ae,
SV26-0203,,08-type-cascade,/surveys/{token},已发布自有问卷；合法配置；单独submission,cascade：公开填写并提交,公开控件真实输入、提交成功；后台同questionId及值读取一致,NOT_STARTED,MAIN,NORMAL,apps/web/components/survey/live/question-renderer.tsx,814dc05a36e1f2645b7528b9dacc0a344ec615ae,
SV26-0204,,08-type-rating,/studio/survey/{surveyId}/design,未发布专用问卷；定位该类型题目,rating：新增题型,新增正确类型和factory默认配置；保存刷新类型保持,NOT_STARTED,MAIN,NORMAL,apps/web/components/survey/live/question-editor.tsx,814dc05a36e1f2645b7528b9dacc0a344ec615ae,
SV26-0205,,08-type-rating,/studio/survey/{surveyId}/design,未发布专用问卷；定位该类型题目,rating：切换到题型,确认后配置符合该类型；取消不改变旧题,NOT_STARTED,MAIN,NORMAL,apps/web/components/survey/live/question-editor.tsx,814dc05a36e1f2645b7528b9dacc0a344ec615ae,
SV26-0206,,08-type-rating,/studio/survey/{surveyId}/design,未发布专用问卷；定位该类型题目,rating：设置并保存,展开该题内容和高级规则，填写最小合法配置；刷新保持配置,NOT_STARTED,MAIN,NORMAL,apps/web/components/survey/live/question-editor.tsx,814dc05a36e1f2645b7528b9dacc0a344ec615ae,
SV26-0207,,08-type-rating,/studio/survey/{surveyId}/design,同类型最小合法配置,rating：试填控件,有效输入能改变试填答案；必答空值拒绝；不产生后台答卷,NOT_STARTED,MAIN,NORMAL,apps/web/components/survey/live/question-renderer.tsx,814dc05a36e1f2645b7528b9dacc0a344ec615ae,
SV26-0208,,08-type-rating,/surveys/{token},已发布自有问卷；合法配置；单独submission,rating：公开填写并提交,公开控件真实输入、提交成功；后台同questionId及值读取一致,NOT_STARTED,MAIN,NORMAL,apps/web/components/survey/live/question-renderer.tsx,814dc05a36e1f2645b7528b9dacc0a344ec615ae,
SV26-0209,,08-type-nps,/studio/survey/{surveyId}/design,未发布专用问卷；定位该类型题目,nps：新增题型,新增正确类型和factory默认配置；保存刷新类型保持,NOT_STARTED,MAIN,NORMAL,apps/web/components/survey/live/question-editor.tsx,814dc05a36e1f2645b7528b9dacc0a344ec615ae,
SV26-0210,,08-type-nps,/studio/survey/{surveyId}/design,未发布专用问卷；定位该类型题目,nps：切换到题型,确认后配置符合该类型；取消不改变旧题,NOT_STARTED,MAIN,NORMAL,apps/web/components/survey/live/question-editor.tsx,814dc05a36e1f2645b7528b9dacc0a344ec615ae,
SV26-0211,,08-type-nps,/studio/survey/{surveyId}/design,未发布专用问卷；定位该类型题目,nps：设置并保存,展开该题内容和高级规则，填写最小合法配置；刷新保持配置,NOT_STARTED,MAIN,NORMAL,apps/web/components/survey/live/question-editor.tsx,814dc05a36e1f2645b7528b9dacc0a344ec615ae,
SV26-0212,,08-type-nps,/studio/survey/{surveyId}/design,同类型最小合法配置,nps：试填控件,有效输入能改变试填答案；必答空值拒绝；不产生后台答卷,NOT_STARTED,MAIN,NORMAL,apps/web/components/survey/live/question-renderer.tsx,814dc05a36e1f2645b7528b9dacc0a344ec615ae,
SV26-0213,,08-type-nps,/surveys/{token},已发布自有问卷；合法配置；单独submission,nps：公开填写并提交,公开控件真实输入、提交成功；后台同questionId及值读取一致,NOT_STARTED,MAIN,NORMAL,apps/web/components/survey/live/question-renderer.tsx,814dc05a36e1f2645b7528b9dacc0a344ec615ae,
SV26-0214,,08-type-slider,/studio/survey/{surveyId}/design,未发布专用问卷；定位该类型题目,slider：新增题型,新增正确类型和factory默认配置；保存刷新类型保持,NOT_STARTED,MAIN,NORMAL,apps/web/components/survey/live/question-editor.tsx,814dc05a36e1f2645b7528b9dacc0a344ec615ae,
SV26-0215,,08-type-slider,/studio/survey/{surveyId}/design,未发布专用问卷；定位该类型题目,slider：切换到题型,确认后配置符合该类型；取消不改变旧题,NOT_STARTED,MAIN,NORMAL,apps/web/components/survey/live/question-editor.tsx,814dc05a36e1f2645b7528b9dacc0a344ec615ae,
SV26-0216,,08-type-slider,/studio/survey/{surveyId}/design,未发布专用问卷；定位该类型题目,slider：设置并保存,展开该题内容和高级规则，填写最小合法配置；刷新保持配置,NOT_STARTED,MAIN,NORMAL,apps/web/components/survey/live/question-editor.tsx,814dc05a36e1f2645b7528b9dacc0a344ec615ae,
SV26-0217,,08-type-slider,/studio/survey/{surveyId}/design,同类型最小合法配置,slider：试填控件,有效输入能改变试填答案；必答空值拒绝；不产生后台答卷,NOT_STARTED,MAIN,NORMAL,apps/web/components/survey/live/question-renderer.tsx,814dc05a36e1f2645b7528b9dacc0a344ec615ae,
SV26-0218,,08-type-slider,/surveys/{token},已发布自有问卷；合法配置；单独submission,slider：公开填写并提交,公开控件真实输入、提交成功；后台同questionId及值读取一致,NOT_STARTED,MAIN,NORMAL,apps/web/components/survey/live/question-renderer.tsx,814dc05a36e1f2645b7528b9dacc0a344ec615ae,
SV26-0219,,08-type-matrix_single,/studio/survey/{surveyId}/design,未发布专用问卷；定位该类型题目,matrix_single：新增题型,新增正确类型和factory默认配置；保存刷新类型保持,NOT_STARTED,MAIN,NORMAL,apps/web/components/survey/live/question-editor.tsx,814dc05a36e1f2645b7528b9dacc0a344ec615ae,
SV26-0220,,08-type-matrix_single,/studio/survey/{surveyId}/design,未发布专用问卷；定位该类型题目,matrix_single：切换到题型,确认后配置符合该类型；取消不改变旧题,NOT_STARTED,MAIN,NORMAL,apps/web/components/survey/live/question-editor.tsx,814dc05a36e1f2645b7528b9dacc0a344ec615ae,
SV26-0221,,08-type-matrix_single,/studio/survey/{surveyId}/design,未发布专用问卷；定位该类型题目,matrix_single：设置并保存,展开该题内容和高级规则，填写最小合法配置；刷新保持配置,NOT_STARTED,MAIN,NORMAL,apps/web/components/survey/live/question-editor.tsx,814dc05a36e1f2645b7528b9dacc0a344ec615ae,
SV26-0222,,08-type-matrix_single,/studio/survey/{surveyId}/design,同类型最小合法配置,matrix_single：试填控件,有效输入能改变试填答案；必答空值拒绝；不产生后台答卷,NOT_STARTED,MAIN,NORMAL,apps/web/components/survey/live/question-renderer.tsx,814dc05a36e1f2645b7528b9dacc0a344ec615ae,
SV26-0223,,08-type-matrix_single,/surveys/{token},已发布自有问卷；合法配置；单独submission,matrix_single：公开填写并提交,公开控件真实输入、提交成功；后台同questionId及值读取一致,NOT_STARTED,MAIN,NORMAL,apps/web/components/survey/live/question-renderer.tsx,814dc05a36e1f2645b7528b9dacc0a344ec615ae,
SV26-0224,,08-type-matrix_multi,/studio/survey/{surveyId}/design,未发布专用问卷；定位该类型题目,matrix_multi：新增题型,新增正确类型和factory默认配置；保存刷新类型保持,NOT_STARTED,MAIN,NORMAL,apps/web/components/survey/live/question-editor.tsx,814dc05a36e1f2645b7528b9dacc0a344ec615ae,
SV26-0225,,08-type-matrix_multi,/studio/survey/{surveyId}/design,未发布专用问卷；定位该类型题目,matrix_multi：切换到题型,确认后配置符合该类型；取消不改变旧题,NOT_STARTED,MAIN,NORMAL,apps/web/components/survey/live/question-editor.tsx,814dc05a36e1f2645b7528b9dacc0a344ec615ae,
SV26-0226,,08-type-matrix_multi,/studio/survey/{surveyId}/design,未发布专用问卷；定位该类型题目,matrix_multi：设置并保存,展开该题内容和高级规则，填写最小合法配置；刷新保持配置,NOT_STARTED,MAIN,NORMAL,apps/web/components/survey/live/question-editor.tsx,814dc05a36e1f2645b7528b9dacc0a344ec615ae,
SV26-0227,,08-type-matrix_multi,/studio/survey/{surveyId}/design,同类型最小合法配置,matrix_multi：试填控件,有效输入能改变试填答案；必答空值拒绝；不产生后台答卷,NOT_STARTED,MAIN,NORMAL,apps/web/components/survey/live/question-renderer.tsx,814dc05a36e1f2645b7528b9dacc0a344ec615ae,
SV26-0228,,08-type-matrix_multi,/surveys/{token},已发布自有问卷；合法配置；单独submission,matrix_multi：公开填写并提交,公开控件真实输入、提交成功；后台同questionId及值读取一致,NOT_STARTED,MAIN,NORMAL,apps/web/components/survey/live/question-renderer.tsx,814dc05a36e1f2645b7528b9dacc0a344ec615ae,
SV26-0229,,08-type-matrix_scale,/studio/survey/{surveyId}/design,未发布专用问卷；定位该类型题目,matrix_scale：新增题型,新增正确类型和factory默认配置；保存刷新类型保持,NOT_STARTED,MAIN,NORMAL,apps/web/components/survey/live/question-editor.tsx,814dc05a36e1f2645b7528b9dacc0a344ec615ae,
SV26-0230,,08-type-matrix_scale,/studio/survey/{surveyId}/design,未发布专用问卷；定位该类型题目,matrix_scale：切换到题型,确认后配置符合该类型；取消不改变旧题,NOT_STARTED,MAIN,NORMAL,apps/web/components/survey/live/question-editor.tsx,814dc05a36e1f2645b7528b9dacc0a344ec615ae,
SV26-0231,,08-type-matrix_scale,/studio/survey/{surveyId}/design,未发布专用问卷；定位该类型题目,matrix_scale：设置并保存,展开该题内容和高级规则，填写最小合法配置；刷新保持配置,NOT_STARTED,MAIN,NORMAL,apps/web/components/survey/live/question-editor.tsx,814dc05a36e1f2645b7528b9dacc0a344ec615ae,
SV26-0232,,08-type-matrix_scale,/studio/survey/{surveyId}/design,同类型最小合法配置,matrix_scale：试填控件,有效输入能改变试填答案；必答空值拒绝；不产生后台答卷,NOT_STARTED,MAIN,NORMAL,apps/web/components/survey/live/question-renderer.tsx,814dc05a36e1f2645b7528b9dacc0a344ec615ae,
SV26-0233,,08-type-matrix_scale,/surveys/{token},已发布自有问卷；合法配置；单独submission,matrix_scale：公开填写并提交,公开控件真实输入、提交成功；后台同questionId及值读取一致,NOT_STARTED,MAIN,NORMAL,apps/web/components/survey/live/question-renderer.tsx,814dc05a36e1f2645b7528b9dacc0a344ec615ae,
SV26-0234,,08-type-matrix_input,/studio/survey/{surveyId}/design,未发布专用问卷；定位该类型题目,matrix_input：新增题型,新增正确类型和factory默认配置；保存刷新类型保持,NOT_STARTED,MAIN,NORMAL,apps/web/components/survey/live/question-editor.tsx,814dc05a36e1f2645b7528b9dacc0a344ec615ae,
SV26-0235,,08-type-matrix_input,/studio/survey/{surveyId}/design,未发布专用问卷；定位该类型题目,matrix_input：切换到题型,确认后配置符合该类型；取消不改变旧题,NOT_STARTED,MAIN,NORMAL,apps/web/components/survey/live/question-editor.tsx,814dc05a36e1f2645b7528b9dacc0a344ec615ae,
SV26-0236,,08-type-matrix_input,/studio/survey/{surveyId}/design,未发布专用问卷；定位该类型题目,matrix_input：设置并保存,展开该题内容和高级规则，填写最小合法配置；刷新保持配置,NOT_STARTED,MAIN,NORMAL,apps/web/components/survey/live/question-editor.tsx,814dc05a36e1f2645b7528b9dacc0a344ec615ae,
SV26-0237,,08-type-matrix_input,/studio/survey/{surveyId}/design,同类型最小合法配置,matrix_input：试填控件,有效输入能改变试填答案；必答空值拒绝；不产生后台答卷,NOT_STARTED,MAIN,NORMAL,apps/web/components/survey/live/question-renderer.tsx,814dc05a36e1f2645b7528b9dacc0a344ec615ae,
SV26-0238,,08-type-matrix_input,/surveys/{token},已发布自有问卷；合法配置；单独submission,matrix_input：公开填写并提交,公开控件真实输入、提交成功；后台同questionId及值读取一致,NOT_STARTED,MAIN,NORMAL,apps/web/components/survey/live/question-renderer.tsx,814dc05a36e1f2645b7528b9dacc0a344ec615ae,
SV26-0239,,08-type-matrix_dropdown,/studio/survey/{surveyId}/design,未发布专用问卷；定位该类型题目,matrix_dropdown：新增题型,新增正确类型和factory默认配置；保存刷新类型保持,NOT_STARTED,MAIN,NORMAL,apps/web/components/survey/live/question-editor.tsx,814dc05a36e1f2645b7528b9dacc0a344ec615ae,
SV26-0240,,08-type-matrix_dropdown,/studio/survey/{surveyId}/design,未发布专用问卷；定位该类型题目,matrix_dropdown：切换到题型,确认后配置符合该类型；取消不改变旧题,NOT_STARTED,MAIN,NORMAL,apps/web/components/survey/live/question-editor.tsx,814dc05a36e1f2645b7528b9dacc0a344ec615ae,
SV26-0241,,08-type-matrix_dropdown,/studio/survey/{surveyId}/design,未发布专用问卷；定位该类型题目,matrix_dropdown：设置并保存,展开该题内容和高级规则，填写最小合法配置；刷新保持配置,NOT_STARTED,MAIN,NORMAL,apps/web/components/survey/live/question-editor.tsx,814dc05a36e1f2645b7528b9dacc0a344ec615ae,
SV26-0242,,08-type-matrix_dropdown,/studio/survey/{surveyId}/design,同类型最小合法配置,matrix_dropdown：试填控件,有效输入能改变试填答案；必答空值拒绝；不产生后台答卷,NOT_STARTED,MAIN,NORMAL,apps/web/components/survey/live/question-renderer.tsx,814dc05a36e1f2645b7528b9dacc0a344ec615ae,
SV26-0243,,08-type-matrix_dropdown,/surveys/{token},已发布自有问卷；合法配置；单独submission,matrix_dropdown：公开填写并提交,公开控件真实输入、提交成功；后台同questionId及值读取一致,NOT_STARTED,MAIN,NORMAL,apps/web/components/survey/live/question-renderer.tsx,814dc05a36e1f2645b7528b9dacc0a344ec615ae,
SV26-0244,,08-type-ranking,/studio/survey/{surveyId}/design,未发布专用问卷；定位该类型题目,ranking：新增题型,新增正确类型和factory默认配置；保存刷新类型保持,NOT_STARTED,MAIN,NORMAL,apps/web/components/survey/live/question-editor.tsx,814dc05a36e1f2645b7528b9dacc0a344ec615ae,
SV26-0245,,08-type-ranking,/studio/survey/{surveyId}/design,未发布专用问卷；定位该类型题目,ranking：切换到题型,确认后配置符合该类型；取消不改变旧题,NOT_STARTED,MAIN,NORMAL,apps/web/components/survey/live/question-editor.tsx,814dc05a36e1f2645b7528b9dacc0a344ec615ae,
SV26-0246,,08-type-ranking,/studio/survey/{surveyId}/design,未发布专用问卷；定位该类型题目,ranking：设置并保存,展开该题内容和高级规则，填写最小合法配置；刷新保持配置,NOT_STARTED,MAIN,NORMAL,apps/web/components/survey/live/question-editor.tsx,814dc05a36e1f2645b7528b9dacc0a344ec615ae,
SV26-0247,,08-type-ranking,/studio/survey/{surveyId}/design,同类型最小合法配置,ranking：试填控件,有效输入能改变试填答案；必答空值拒绝；不产生后台答卷,NOT_STARTED,MAIN,NORMAL,apps/web/components/survey/live/question-renderer.tsx,814dc05a36e1f2645b7528b9dacc0a344ec615ae,
SV26-0248,,08-type-ranking,/surveys/{token},已发布自有问卷；合法配置；单独submission,ranking：公开填写并提交,公开控件真实输入、提交成功；后台同questionId及值读取一致,NOT_STARTED,MAIN,NORMAL,apps/web/components/survey/live/question-renderer.tsx,814dc05a36e1f2645b7528b9dacc0a344ec615ae,
SV26-0249,,08-type-allocation,/studio/survey/{surveyId}/design,未发布专用问卷；定位该类型题目,allocation：新增题型,新增正确类型和factory默认配置；保存刷新类型保持,NOT_STARTED,MAIN,NORMAL,apps/web/components/survey/live/question-editor.tsx,814dc05a36e1f2645b7528b9dacc0a344ec615ae,
SV26-0250,,08-type-allocation,/studio/survey/{surveyId}/design,未发布专用问卷；定位该类型题目,allocation：切换到题型,确认后配置符合该类型；取消不改变旧题,NOT_STARTED,MAIN,NORMAL,apps/web/components/survey/live/question-editor.tsx,814dc05a36e1f2645b7528b9dacc0a344ec615ae,
SV26-0251,,08-type-allocation,/studio/survey/{surveyId}/design,未发布专用问卷；定位该类型题目,allocation：设置并保存,展开该题内容和高级规则，填写最小合法配置；刷新保持配置,NOT_STARTED,MAIN,NORMAL,apps/web/components/survey/live/question-editor.tsx,814dc05a36e1f2645b7528b9dacc0a344ec615ae,
SV26-0252,,08-type-allocation,/studio/survey/{surveyId}/design,同类型最小合法配置,allocation：试填控件,有效输入能改变试填答案；必答空值拒绝；不产生后台答卷,NOT_STARTED,MAIN,NORMAL,apps/web/components/survey/live/question-renderer.tsx,814dc05a36e1f2645b7528b9dacc0a344ec615ae,
SV26-0253,,08-type-allocation,/surveys/{token},已发布自有问卷；合法配置；单独submission,allocation：公开填写并提交,公开控件真实输入、提交成功；后台同questionId及值读取一致,NOT_STARTED,MAIN,NORMAL,apps/web/components/survey/live/question-renderer.tsx,814dc05a36e1f2645b7528b9dacc0a344ec615ae,
SV26-0254,,08-type-file,/studio/survey/{surveyId}/design,未发布专用问卷；定位该类型题目,file：新增题型,新增正确类型和factory默认配置；保存刷新类型保持,NOT_STARTED,MAIN,NORMAL,apps/web/components/survey/live/question-editor.tsx,814dc05a36e1f2645b7528b9dacc0a344ec615ae,
SV26-0255,,08-type-file,/studio/survey/{surveyId}/design,未发布专用问卷；定位该类型题目,file：切换到题型,确认后配置符合该类型；取消不改变旧题,NOT_STARTED,MAIN,NORMAL,apps/web/components/survey/live/question-editor.tsx,814dc05a36e1f2645b7528b9dacc0a344ec615ae,
SV26-0256,,08-type-file,/studio/survey/{surveyId}/design,未发布专用问卷；定位该类型题目,file：设置并保存,展开该题内容和高级规则，填写最小合法配置；刷新保持配置,NOT_STARTED,MAIN,NORMAL,apps/web/components/survey/live/question-editor.tsx,814dc05a36e1f2645b7528b9dacc0a344ec615ae,
SV26-0257,,08-type-file,/studio/survey/{surveyId}/design,同类型最小合法配置,file：试填控件,有效输入能改变试填答案；必答空值拒绝；不产生后台答卷,NOT_STARTED,MAIN,NORMAL,apps/web/components/survey/live/question-renderer.tsx,814dc05a36e1f2645b7528b9dacc0a344ec615ae,
SV26-0258,,08-type-file,/surveys/{token},已发布自有问卷；合法配置；单独submission,file：公开填写并提交,公开控件真实输入、提交成功；后台同questionId及值读取一致,NOT_STARTED,MAIN,NORMAL,apps/web/components/survey/live/question-renderer.tsx,814dc05a36e1f2645b7528b9dacc0a344ec615ae,
SV26-0259,,08-type-signature,/studio/survey/{surveyId}/design,未发布专用问卷；定位该类型题目,signature：新增题型,新增正确类型和factory默认配置；保存刷新类型保持,NOT_STARTED,MAIN,NORMAL,apps/web/components/survey/live/question-editor.tsx,814dc05a36e1f2645b7528b9dacc0a344ec615ae,
SV26-0260,,08-type-signature,/studio/survey/{surveyId}/design,未发布专用问卷；定位该类型题目,signature：切换到题型,确认后配置符合该类型；取消不改变旧题,NOT_STARTED,MAIN,NORMAL,apps/web/components/survey/live/question-editor.tsx,814dc05a36e1f2645b7528b9dacc0a344ec615ae,
SV26-0261,,08-type-signature,/studio/survey/{surveyId}/design,未发布专用问卷；定位该类型题目,signature：设置并保存,展开该题内容和高级规则，填写最小合法配置；刷新保持配置,NOT_STARTED,MAIN,NORMAL,apps/web/components/survey/live/question-editor.tsx,814dc05a36e1f2645b7528b9dacc0a344ec615ae,
SV26-0262,,08-type-signature,/studio/survey/{surveyId}/design,同类型最小合法配置,signature：试填控件,有效输入能改变试填答案；必答空值拒绝；不产生后台答卷,NOT_STARTED,MAIN,NORMAL,apps/web/components/survey/live/question-renderer.tsx,814dc05a36e1f2645b7528b9dacc0a344ec615ae,
SV26-0263,,08-type-signature,/surveys/{token},已发布自有问卷；合法配置；单独submission,signature：公开填写并提交,公开控件真实输入、提交成功；后台同questionId及值读取一致,NOT_STARTED,MAIN,NORMAL,apps/web/components/survey/live/question-renderer.tsx,814dc05a36e1f2645b7528b9dacc0a344ec615ae,
SV26-0264,,08-type-description,/studio/survey/{surveyId}/design,未发布专用问卷；定位该类型题目,description：新增题型,新增正确类型和factory默认配置；保存刷新类型保持,NOT_STARTED,MAIN,NORMAL,apps/web/components/survey/live/question-editor.tsx,814dc05a36e1f2645b7528b9dacc0a344ec615ae,
SV26-0265,,08-type-description,/studio/survey/{surveyId}/design,未发布专用问卷；定位该类型题目,description：切换到题型,确认后配置符合该类型；取消不改变旧题,NOT_STARTED,MAIN,NORMAL,apps/web/components/survey/live/question-editor.tsx,814dc05a36e1f2645b7528b9dacc0a344ec615ae,
SV26-0266,,08-type-description,/studio/survey/{surveyId}/design,未发布专用问卷；定位该类型题目,description：设置并保存,展开该题内容和高级规则，填写最小合法配置；刷新保持配置,NOT_STARTED,MAIN,NORMAL,apps/web/components/survey/live/question-editor.tsx,814dc05a36e1f2645b7528b9dacc0a344ec615ae,
SV26-0267,,08-type-description,/surveys/{token},已发布自有问卷,description：公开呈现,说明/分节正确呈现，不产生伪答案；分页与条件可见性正确,NOT_STARTED,MAIN,NORMAL,apps/web/components/survey/live/question-renderer.tsx,814dc05a36e1f2645b7528b9dacc0a344ec615ae,
SV26-0268,,08-type-page_break,/studio/survey/{surveyId}/design,未发布专用问卷；定位该类型题目,page_break：新增题型,新增正确类型和factory默认配置；保存刷新类型保持,NOT_STARTED,MAIN,NORMAL,apps/web/components/survey/live/question-editor.tsx,814dc05a36e1f2645b7528b9dacc0a344ec615ae,
SV26-0269,,08-type-page_break,/studio/survey/{surveyId}/design,未发布专用问卷；定位该类型题目,page_break：切换到题型,确认后配置符合该类型；取消不改变旧题,NOT_STARTED,MAIN,NORMAL,apps/web/components/survey/live/question-editor.tsx,814dc05a36e1f2645b7528b9dacc0a344ec615ae,
SV26-0270,,08-type-page_break,/studio/survey/{surveyId}/design,未发布专用问卷；定位该类型题目,page_break：设置并保存,展开该题内容和高级规则，填写最小合法配置；刷新保持配置,NOT_STARTED,MAIN,NORMAL,apps/web/components/survey/live/question-editor.tsx,814dc05a36e1f2645b7528b9dacc0a344ec615ae,
SV26-0271,,08-type-page_break,/surveys/{token},已发布自有问卷,page_break：公开呈现,说明/分节正确呈现，不产生伪答案；分页与条件可见性正确,NOT_STARTED,MAIN,NORMAL,apps/web/components/survey/live/question-renderer.tsx,814dc05a36e1f2645b7528b9dacc0a344ec615ae,
SV26-0272,,09-options,/studio/survey/{surveyId}/design,选择对应choice/matrix/multiple_text/address/cascade题；高级规则展开,编辑选项,合法配置保存刷新；optionIds稳定；随机填写单次稳定；互斥/限制/级联按实际配置验证,NOT_STARTED,MAIN,NORMAL,apps/web/components/survey/live/question-settings.tsx,814dc05a36e1f2645b7528b9dacc0a344ec615ae,
SV26-0273,,09-options,/studio/survey/{surveyId}/design,选择对应choice/matrix/multiple_text/address/cascade题；高级规则展开,删除选项,合法配置保存刷新；optionIds稳定；随机填写单次稳定；互斥/限制/级联按实际配置验证,NOT_STARTED,MAIN,NORMAL,apps/web/components/survey/live/question-settings.tsx,814dc05a36e1f2645b7528b9dacc0a344ec615ae,
SV26-0274,,09-options,/studio/survey/{surveyId}/design,选择对应choice/matrix/multiple_text/address/cascade题；高级规则展开,添加选项,合法配置保存刷新；optionIds稳定；随机填写单次稳定；互斥/限制/级联按实际配置验证,NOT_STARTED,MAIN,NORMAL,apps/web/components/survey/live/question-settings.tsx,814dc05a36e1f2645b7528b9dacc0a344ec615ae,
SV26-0275,,09-options,/studio/survey/{surveyId}/design,选择对应choice/matrix/multiple_text/address/cascade题；高级规则展开,批量粘贴选项展开,合法配置保存刷新；optionIds稳定；随机填写单次稳定；互斥/限制/级联按实际配置验证,NOT_STARTED,MAIN,NORMAL,apps/web/components/survey/live/question-settings.tsx,814dc05a36e1f2645b7528b9dacc0a344ec615ae,
SV26-0276,,09-options,/studio/survey/{surveyId}/design,选择对应choice/matrix/multiple_text/address/cascade题；高级规则展开,批量选项，每行一个,合法配置保存刷新；optionIds稳定；随机填写单次稳定；互斥/限制/级联按实际配置验证,NOT_STARTED,MAIN,NORMAL,apps/web/components/survey/live/question-settings.tsx,814dc05a36e1f2645b7528b9dacc0a344ec615ae,
SV26-0277,,09-options,/studio/survey/{surveyId}/design,选择对应choice/matrix/multiple_text/address/cascade题；高级规则展开,应用批量选项,合法配置保存刷新；optionIds稳定；随机填写单次稳定；互斥/限制/级联按实际配置验证,NOT_STARTED,MAIN,NORMAL,apps/web/components/survey/live/question-settings.tsx,814dc05a36e1f2645b7528b9dacc0a344ec615ae,
SV26-0278,,09-options,/studio/survey/{surveyId}/design,选择对应choice/matrix/multiple_text/address/cascade题；高级规则展开,选项随机顺序,合法配置保存刷新；optionIds稳定；随机填写单次稳定；互斥/限制/级联按实际配置验证,NOT_STARTED,MAIN,NORMAL,apps/web/components/survey/live/question-settings.tsx,814dc05a36e1f2645b7528b9dacc0a344ec615ae,
SV26-0279,,09-options,/studio/survey/{surveyId}/design,选择对应choice/matrix/multiple_text/address/cascade题；高级规则展开,包含其他及填写说明,合法配置保存刷新；optionIds稳定；随机填写单次稳定；互斥/限制/级联按实际配置验证,NOT_STARTED,MAIN,NORMAL,apps/web/components/survey/live/question-settings.tsx,814dc05a36e1f2645b7528b9dacc0a344ec615ae,
SV26-0280,,09-options,/studio/survey/{surveyId}/design,选择对应choice/matrix/multiple_text/address/cascade题；高级规则展开,最少选择数,合法配置保存刷新；optionIds稳定；随机填写单次稳定；互斥/限制/级联按实际配置验证,NOT_STARTED,MAIN,NORMAL,apps/web/components/survey/live/question-settings.tsx,814dc05a36e1f2645b7528b9dacc0a344ec615ae,
SV26-0281,,09-options,/studio/survey/{surveyId}/design,选择对应choice/matrix/multiple_text/address/cascade题；高级规则展开,最多选择数,合法配置保存刷新；optionIds稳定；随机填写单次稳定；互斥/限制/级联按实际配置验证,NOT_STARTED,MAIN,NORMAL,apps/web/components/survey/live/question-settings.tsx,814dc05a36e1f2645b7528b9dacc0a344ec615ae,
SV26-0282,,09-options,/studio/survey/{surveyId}/design,选择对应choice/matrix/multiple_text/address/cascade题；高级规则展开,互斥选项选择,合法配置保存刷新；optionIds稳定；随机填写单次稳定；互斥/限制/级联按实际配置验证,NOT_STARTED,MAIN,NORMAL,apps/web/components/survey/live/question-settings.tsx,814dc05a36e1f2645b7528b9dacc0a344ec615ae,
SV26-0283,,09-options,/studio/survey/{surveyId}/design,选择对应choice/matrix/multiple_text/address/cascade题；高级规则展开,矩阵行：新增,合法配置保存刷新；optionIds稳定；随机填写单次稳定；互斥/限制/级联按实际配置验证,NOT_STARTED,MAIN,NORMAL,apps/web/components/survey/live/question-settings.tsx,814dc05a36e1f2645b7528b9dacc0a344ec615ae,
SV26-0284,,09-options,/studio/survey/{surveyId}/design,选择对应choice/matrix/multiple_text/address/cascade题；高级规则展开,矩阵行：编辑,合法配置保存刷新；optionIds稳定；随机填写单次稳定；互斥/限制/级联按实际配置验证,NOT_STARTED,MAIN,NORMAL,apps/web/components/survey/live/question-settings.tsx,814dc05a36e1f2645b7528b9dacc0a344ec615ae,
SV26-0285,,09-options,/studio/survey/{surveyId}/design,选择对应choice/matrix/multiple_text/address/cascade题；高级规则展开,矩阵行：删除,合法配置保存刷新；optionIds稳定；随机填写单次稳定；互斥/限制/级联按实际配置验证,NOT_STARTED,MAIN,NORMAL,apps/web/components/survey/live/question-settings.tsx,814dc05a36e1f2645b7528b9dacc0a344ec615ae,
SV26-0286,,09-options,/studio/survey/{surveyId}/design,选择对应choice/matrix/multiple_text/address/cascade题；高级规则展开,多项字段：新增,合法配置保存刷新；optionIds稳定；随机填写单次稳定；互斥/限制/级联按实际配置验证,NOT_STARTED,MAIN,NORMAL,apps/web/components/survey/live/question-settings.tsx,814dc05a36e1f2645b7528b9dacc0a344ec615ae,
SV26-0287,,09-options,/studio/survey/{surveyId}/design,选择对应choice/matrix/multiple_text/address/cascade题；高级规则展开,多项字段：编辑,合法配置保存刷新；optionIds稳定；随机填写单次稳定；互斥/限制/级联按实际配置验证,NOT_STARTED,MAIN,NORMAL,apps/web/components/survey/live/question-settings.tsx,814dc05a36e1f2645b7528b9dacc0a344ec615ae,
SV26-0288,,09-options,/studio/survey/{surveyId}/design,选择对应choice/matrix/multiple_text/address/cascade题；高级规则展开,多项字段：删除,合法配置保存刷新；optionIds稳定；随机填写单次稳定；互斥/限制/级联按实际配置验证,NOT_STARTED,MAIN,NORMAL,apps/web/components/survey/live/question-settings.tsx,814dc05a36e1f2645b7528b9dacc0a344ec615ae,
SV26-0289,,09-options,/studio/survey/{surveyId}/design,选择对应choice/matrix/multiple_text/address/cascade题；高级规则展开,地址字段：编辑,合法配置保存刷新；optionIds稳定；随机填写单次稳定；互斥/限制/级联按实际配置验证,NOT_STARTED,MAIN,NORMAL,apps/web/components/survey/live/question-settings.tsx,814dc05a36e1f2645b7528b9dacc0a344ec615ae,
SV26-0290,,09-options,/studio/survey/{surveyId}/design,选择对应choice/matrix/multiple_text/address/cascade题；高级规则展开,级联路径,合法配置保存刷新；optionIds稳定；随机填写单次稳定；互斥/限制/级联按实际配置验证,NOT_STARTED,MAIN,NORMAL,apps/web/components/survey/live/question-settings.tsx,814dc05a36e1f2645b7528b9dacc0a344ec615ae,
SV26-0291,,10-numeric-file-logic,/studio/survey/{surveyId}/design,选对应类型；至少两前后题；高级规则及内容编辑展开,最少字数,合法配置保留；越界/不完整显示具体诊断；显示/跳转规则只能引用合法题；连续图片编辑不跳题,NOT_STARTED,MAIN,NORMAL,apps/web/components/survey/live/question-settings.tsx,814dc05a36e1f2645b7528b9dacc0a344ec615ae,
SV26-0292,,10-numeric-file-logic,/studio/survey/{surveyId}/design,选对应类型；至少两前后题；高级规则及内容编辑展开,最多字数,合法配置保留；越界/不完整显示具体诊断；显示/跳转规则只能引用合法题；连续图片编辑不跳题,NOT_STARTED,MAIN,NORMAL,apps/web/components/survey/live/question-settings.tsx,814dc05a36e1f2645b7528b9dacc0a344ec615ae,
SV26-0293,,10-numeric-file-logic,/studio/survey/{surveyId}/design,选对应类型；至少两前后题；高级规则及内容编辑展开,最小值,合法配置保留；越界/不完整显示具体诊断；显示/跳转规则只能引用合法题；连续图片编辑不跳题,NOT_STARTED,MAIN,NORMAL,apps/web/components/survey/live/question-settings.tsx,814dc05a36e1f2645b7528b9dacc0a344ec615ae,
SV26-0294,,10-numeric-file-logic,/studio/survey/{surveyId}/design,选对应类型；至少两前后题；高级规则及内容编辑展开,最大值,合法配置保留；越界/不完整显示具体诊断；显示/跳转规则只能引用合法题；连续图片编辑不跳题,NOT_STARTED,MAIN,NORMAL,apps/web/components/survey/live/question-settings.tsx,814dc05a36e1f2645b7528b9dacc0a344ec615ae,
SV26-0295,,10-numeric-file-logic,/studio/survey/{surveyId}/design,选对应类型；至少两前后题；高级规则及内容编辑展开,步长 / 精度,合法配置保留；越界/不完整显示具体诊断；显示/跳转规则只能引用合法题；连续图片编辑不跳题,NOT_STARTED,MAIN,NORMAL,apps/web/components/survey/live/question-settings.tsx,814dc05a36e1f2645b7528b9dacc0a344ec615ae,
SV26-0296,,10-numeric-file-logic,/studio/survey/{surveyId}/design,选对应类型；至少两前后题；高级规则及内容编辑展开,单位,合法配置保留；越界/不完整显示具体诊断；显示/跳转规则只能引用合法题；连续图片编辑不跳题,NOT_STARTED,MAIN,NORMAL,apps/web/components/survey/live/question-settings.tsx,814dc05a36e1f2645b7528b9dacc0a344ec615ae,
SV26-0297,,10-numeric-file-logic,/studio/survey/{surveyId}/design,选对应类型；至少两前后题；高级规则及内容编辑展开,分配合计,合法配置保留；越界/不完整显示具体诊断；显示/跳转规则只能引用合法题；连续图片编辑不跳题,NOT_STARTED,MAIN,NORMAL,apps/web/components/survey/live/question-settings.tsx,814dc05a36e1f2645b7528b9dacc0a344ec615ae,
SV26-0298,,10-numeric-file-logic,/studio/survey/{surveyId}/design,选对应类型；至少两前后题；高级规则及内容编辑展开,低分端点,合法配置保留；越界/不完整显示具体诊断；显示/跳转规则只能引用合法题；连续图片编辑不跳题,NOT_STARTED,MAIN,NORMAL,apps/web/components/survey/live/question-settings.tsx,814dc05a36e1f2645b7528b9dacc0a344ec615ae,
SV26-0299,,10-numeric-file-logic,/studio/survey/{surveyId}/design,选对应类型；至少两前后题；高级规则及内容编辑展开,高分端点,合法配置保留；越界/不完整显示具体诊断；显示/跳转规则只能引用合法题；连续图片编辑不跳题,NOT_STARTED,MAIN,NORMAL,apps/web/components/survey/live/question-settings.tsx,814dc05a36e1f2645b7528b9dacc0a344ec615ae,
SV26-0300,,10-numeric-file-logic,/studio/survey/{surveyId}/design,选对应类型；至少两前后题；高级规则及内容编辑展开,最多文件数,合法配置保留；越界/不完整显示具体诊断；显示/跳转规则只能引用合法题；连续图片编辑不跳题,NOT_STARTED,MAIN,NORMAL,apps/web/components/survey/live/question-settings.tsx,814dc05a36e1f2645b7528b9dacc0a344ec615ae,
SV26-0301,,10-numeric-file-logic,/studio/survey/{surveyId}/design,选对应类型；至少两前后题；高级规则及内容编辑展开,单文件字节上限,合法配置保留；越界/不完整显示具体诊断；显示/跳转规则只能引用合法题；连续图片编辑不跳题,NOT_STARTED,MAIN,NORMAL,apps/web/components/survey/live/question-settings.tsx,814dc05a36e1f2645b7528b9dacc0a344ec615ae,
SV26-0302,,10-numeric-file-logic,/studio/survey/{surveyId}/design,选对应类型；至少两前后题；高级规则及内容编辑展开,允许文件格式,合法配置保留；越界/不完整显示具体诊断；显示/跳转规则只能引用合法题；连续图片编辑不跳题,NOT_STARTED,MAIN,NORMAL,apps/web/components/survey/live/question-settings.tsx,814dc05a36e1f2645b7528b9dacc0a344ec615ae,
SV26-0303,,10-numeric-file-logic,/studio/survey/{surveyId}/design,选对应类型；至少两前后题；高级规则及内容编辑展开,图片地址：第一项,合法配置保留；越界/不完整显示具体诊断；显示/跳转规则只能引用合法题；连续图片编辑不跳题,NOT_STARTED,MAIN,NORMAL,apps/web/components/survey/live/question-settings.tsx,814dc05a36e1f2645b7528b9dacc0a344ec615ae,
SV26-0304,,10-numeric-file-logic,/studio/survey/{surveyId}/design,选对应类型；至少两前后题；高级规则及内容编辑展开,图片替代文字：第一项,合法配置保留；越界/不完整显示具体诊断；显示/跳转规则只能引用合法题；连续图片编辑不跳题,NOT_STARTED,MAIN,NORMAL,apps/web/components/survey/live/question-settings.tsx,814dc05a36e1f2645b7528b9dacc0a344ec615ae,
SV26-0305,,10-numeric-file-logic,/studio/survey/{surveyId}/design,选对应类型；至少两前后题；高级规则及内容编辑展开,图片地址：第二项,合法配置保留；越界/不完整显示具体诊断；显示/跳转规则只能引用合法题；连续图片编辑不跳题,NOT_STARTED,MAIN,NORMAL,apps/web/components/survey/live/question-settings.tsx,814dc05a36e1f2645b7528b9dacc0a344ec615ae,
SV26-0306,,10-numeric-file-logic,/studio/survey/{surveyId}/design,选对应类型；至少两前后题；高级规则及内容编辑展开,图片替代文字：第二项,合法配置保留；越界/不完整显示具体诊断；显示/跳转规则只能引用合法题；连续图片编辑不跳题,NOT_STARTED,MAIN,NORMAL,apps/web/components/survey/live/question-settings.tsx,814dc05a36e1f2645b7528b9dacc0a344ec615ae,
SV26-0307,,10-numeric-file-logic,/studio/survey/{surveyId}/design,选对应类型；至少两前后题；高级规则及内容编辑展开,说明图片地址,合法配置保留；越界/不完整显示具体诊断；显示/跳转规则只能引用合法题；连续图片编辑不跳题,NOT_STARTED,MAIN,NORMAL,apps/web/components/survey/live/question-settings.tsx,814dc05a36e1f2645b7528b9dacc0a344ec615ae,
SV26-0308,,10-numeric-file-logic,/studio/survey/{surveyId}/design,选对应类型；至少两前后题；高级规则及内容编辑展开,说明图片替代文字,合法配置保留；越界/不完整显示具体诊断；显示/跳转规则只能引用合法题；连续图片编辑不跳题,NOT_STARTED,MAIN,NORMAL,apps/web/components/survey/live/question-settings.tsx,814dc05a36e1f2645b7528b9dacc0a344ec615ae,
SV26-0309,,10-numeric-file-logic,/studio/survey/{surveyId}/design,选对应类型；至少两前后题；高级规则及内容编辑展开,条件前题,合法配置保留；越界/不完整显示具体诊断；显示/跳转规则只能引用合法题；连续图片编辑不跳题,NOT_STARTED,MAIN,NORMAL,apps/web/components/survey/live/question-settings.tsx,814dc05a36e1f2645b7528b9dacc0a344ec615ae,
SV26-0310,,10-numeric-file-logic,/studio/survey/{surveyId}/design,选对应类型；至少两前后题；高级规则及内容编辑展开,条件关系：等于,合法配置保留；越界/不完整显示具体诊断；显示/跳转规则只能引用合法题；连续图片编辑不跳题,NOT_STARTED,MAIN,NORMAL,apps/web/components/survey/live/question-settings.tsx,814dc05a36e1f2645b7528b9dacc0a344ec615ae,
SV26-0311,,10-numeric-file-logic,/studio/survey/{surveyId}/design,选对应类型；至少两前后题；高级规则及内容编辑展开,条件关系：不等于,合法配置保留；越界/不完整显示具体诊断；显示/跳转规则只能引用合法题；连续图片编辑不跳题,NOT_STARTED,MAIN,NORMAL,apps/web/components/survey/live/question-settings.tsx,814dc05a36e1f2645b7528b9dacc0a344ec615ae,
SV26-0312,,10-numeric-file-logic,/studio/survey/{surveyId}/design,选对应类型；至少两前后题；高级规则及内容编辑展开,条件关系：包含,合法配置保留；越界/不完整显示具体诊断；显示/跳转规则只能引用合法题；连续图片编辑不跳题,NOT_STARTED,MAIN,NORMAL,apps/web/components/survey/live/question-settings.tsx,814dc05a36e1f2645b7528b9dacc0a344ec615ae,
SV26-0313,,10-numeric-file-logic,/studio/survey/{surveyId}/design,选对应类型；至少两前后题；高级规则及内容编辑展开,条件答案,合法配置保留；越界/不完整显示具体诊断；显示/跳转规则只能引用合法题；连续图片编辑不跳题,NOT_STARTED,MAIN,NORMAL,apps/web/components/survey/live/question-settings.tsx,814dc05a36e1f2645b7528b9dacc0a344ec615ae,
SV26-0314,,10-numeric-file-logic,/studio/survey/{surveyId}/design,选对应类型；至少两前后题；高级规则及内容编辑展开,添加显示条件,合法配置保留；越界/不完整显示具体诊断；显示/跳转规则只能引用合法题；连续图片编辑不跳题,NOT_STARTED,MAIN,NORMAL,apps/web/components/survey/live/question-settings.tsx,814dc05a36e1f2645b7528b9dacc0a344ec615ae,
SV26-0315,,10-numeric-file-logic,/studio/survey/{surveyId}/design,选对应类型；至少两前后题；高级规则及内容编辑展开,删除显示条件,合法配置保留；越界/不完整显示具体诊断；显示/跳转规则只能引用合法题；连续图片编辑不跳题,NOT_STARTED,MAIN,NORMAL,apps/web/components/survey/live/question-settings.tsx,814dc05a36e1f2645b7528b9dacc0a344ec615ae,
SV26-0316,,10-numeric-file-logic,/studio/survey/{surveyId}/design,选对应类型；至少两前后题；高级规则及内容编辑展开,跳转选项,合法配置保留；越界/不完整显示具体诊断；显示/跳转规则只能引用合法题；连续图片编辑不跳题,NOT_STARTED,MAIN,NORMAL,apps/web/components/survey/live/question-settings.tsx,814dc05a36e1f2645b7528b9dacc0a344ec615ae,
SV26-0317,,10-numeric-file-logic,/studio/survey/{surveyId}/design,选对应类型；至少两前后题；高级规则及内容编辑展开,跳转目标,合法配置保留；越界/不完整显示具体诊断；显示/跳转规则只能引用合法题；连续图片编辑不跳题,NOT_STARTED,MAIN,NORMAL,apps/web/components/survey/live/question-settings.tsx,814dc05a36e1f2645b7528b9dacc0a344ec615ae,
SV26-0318,,10-numeric-file-logic,/studio/survey/{surveyId}/design,选对应类型；至少两前后题；高级规则及内容编辑展开,添加跳转规则,合法配置保留；越界/不完整显示具体诊断；显示/跳转规则只能引用合法题；连续图片编辑不跳题,NOT_STARTED,MAIN,NORMAL,apps/web/components/survey/live/question-settings.tsx,814dc05a36e1f2645b7528b9dacc0a344ec615ae,
SV26-0319,,10-numeric-file-logic,/studio/survey/{surveyId}/design,选对应类型；至少两前后题；高级规则及内容编辑展开,删除跳转规则,合法配置保留；越界/不完整显示具体诊断；显示/跳转规则只能引用合法题；连续图片编辑不跳题,NOT_STARTED,MAIN,NORMAL,apps/web/components/survey/live/question-settings.tsx,814dc05a36e1f2645b7528b9dacc0a344ec615ae,
SV26-0320,,11-templates,/studio/survey?tab={modules|reports},自有合成数据；运行时可用,搜索模板,模板类型和身份正确；复制隔离源；刷新显示真实保存数据,NOT_STARTED,MAIN,NORMAL,apps/web/components/survey/library/template-library.tsx,814dc05a36e1f2645b7528b9dacc0a344ec615ae,
SV26-0321,,11-templates,/studio/survey?tab={modules|reports},自有合成数据；运行时可用,标签筛选,模板类型和身份正确；复制隔离源；刷新显示真实保存数据,NOT_STARTED,MAIN,NORMAL,apps/web/components/survey/library/template-library.tsx,814dc05a36e1f2645b7528b9dacc0a344ec615ae,
SV26-0322,,11-templates,/studio/survey?tab={modules|reports},自有合成数据；运行时可用,新建模板,模板类型和身份正确；复制隔离源；刷新显示真实保存数据,NOT_STARTED,MAIN,NORMAL,apps/web/components/survey/library/template-library.tsx,814dc05a36e1f2645b7528b9dacc0a344ec615ae,
SV26-0323,,11-templates,/studio/survey?tab={modules|reports},自有合成数据；运行时可用,刷新列表,模板类型和身份正确；复制隔离源；刷新显示真实保存数据,NOT_STARTED,MAIN,NORMAL,apps/web/components/survey/library/template-library.tsx,814dc05a36e1f2645b7528b9dacc0a344ec615ae,
SV26-0324,,11-templates,/studio/survey?tab={modules|reports},自有合成数据；运行时可用,查看内置模板,模板类型和身份正确；复制隔离源；刷新显示真实保存数据,NOT_STARTED,MAIN,NORMAL,apps/web/components/survey/library/template-library.tsx,814dc05a36e1f2645b7528b9dacc0a344ec615ae,
SV26-0325,,11-templates,/studio/survey?tab={modules|reports},自有合成数据；运行时可用,复制内置为我的模板,模板类型和身份正确；复制隔离源；刷新显示真实保存数据,NOT_STARTED,MAIN,NORMAL,apps/web/components/survey/library/template-library.tsx,814dc05a36e1f2645b7528b9dacc0a344ec615ae,
SV26-0326,,11-templates,/studio/survey?tab={modules|reports},自有合成数据；运行时可用,使用内置问卷模板创建,模板类型和身份正确；复制隔离源；刷新显示真实保存数据,NOT_STARTED,MAIN,NORMAL,apps/web/components/survey/library/template-library.tsx,814dc05a36e1f2645b7528b9dacc0a344ec615ae,
SV26-0327,,11-templates,/studio/survey?tab={modules|reports},自有合成数据；运行时可用,编辑个人模板,模板类型和身份正确；复制隔离源；刷新显示真实保存数据,NOT_STARTED,MAIN,NORMAL,apps/web/components/survey/library/template-library.tsx,814dc05a36e1f2645b7528b9dacc0a344ec615ae,
SV26-0328,,11-templates,/studio/survey?tab={modules|reports},自有合成数据；运行时可用,复制模板,模板类型和身份正确；复制隔离源；刷新显示真实保存数据,NOT_STARTED,MAIN,NORMAL,apps/web/components/survey/library/template-library.tsx,814dc05a36e1f2645b7528b9dacc0a344ec615ae,
SV26-0329,,11-templates,/studio/survey?tab={modules|reports},自有合成数据；运行时可用,空列表创建,模板类型和身份正确；复制隔离源；刷新显示真实保存数据,NOT_STARTED,MAIN,NORMAL,apps/web/components/survey/library/template-library.tsx,814dc05a36e1f2645b7528b9dacc0a344ec615ae,
SV26-0330,,11-templates,/studio/survey?tab={modules|reports},自有合成数据；运行时可用,清除筛选,模板类型和身份正确；复制隔离源；刷新显示真实保存数据,NOT_STARTED,MAIN,NORMAL,apps/web/components/survey/library/template-library.tsx,814dc05a36e1f2645b7528b9dacc0a344ec615ae,
SV26-0331,,11-templates,/studio/survey?tab={modules|reports},专用个人模板,删除模板→取消,模板仍存在,NOT_STARTED,MAIN,NORMAL,apps/web/components/survey/library/template-library.tsx,814dc05a36e1f2645b7528b9dacc0a344ec615ae,
SV26-0332,,11-templates,/studio/survey?tab={modules|reports},点击永久确认前人类确认目标,删除模板→确认,仅删除个人模板，不影响已应用问卷,NOT_STARTED,MAIN,NEEDS_ACTION_TIME_CONFIRMATION,apps/web/components/survey/library/template-library.tsx,814dc05a36e1f2645b7528b9dacc0a344ec615ae,
SV26-0333,,12-template-editor,/studio/survey/{question-templates|templates}/{templateId},自有合成数据；运行时可用,返回模板列表,编辑保存刷新一致；内置模板不可原地改；题目/报告复用编辑器动作按该路由再验证,NOT_STARTED,MAIN,NORMAL,apps/web/components/survey/library/template-workspace.tsx,814dc05a36e1f2645b7528b9dacc0a344ec615ae,
SV26-0334,,12-template-editor,/studio/survey/{question-templates|templates}/{templateId},自有合成数据；运行时可用,模板名称,编辑保存刷新一致；内置模板不可原地改；题目/报告复用编辑器动作按该路由再验证,NOT_STARTED,MAIN,NORMAL,apps/web/components/survey/library/template-workspace.tsx,814dc05a36e1f2645b7528b9dacc0a344ec615ae,
SV26-0335,,12-template-editor,/studio/survey/{question-templates|templates}/{templateId},自有合成数据；运行时可用,模板说明,编辑保存刷新一致；内置模板不可原地改；题目/报告复用编辑器动作按该路由再验证,NOT_STARTED,MAIN,NORMAL,apps/web/components/survey/library/template-workspace.tsx,814dc05a36e1f2645b7528b9dacc0a344ec615ae,
SV26-0336,,12-template-editor,/studio/survey/{question-templates|templates}/{templateId},自有合成数据；运行时可用,模板标签,编辑保存刷新一致；内置模板不可原地改；题目/报告复用编辑器动作按该路由再验证,NOT_STARTED,MAIN,NORMAL,apps/web/components/survey/library/template-workspace.tsx,814dc05a36e1f2645b7528b9dacc0a344ec615ae,
SV26-0337,,12-template-editor,/studio/survey/{question-templates|templates}/{templateId},自有合成数据；运行时可用,题目配置页签,编辑保存刷新一致；内置模板不可原地改；题目/报告复用编辑器动作按该路由再验证,NOT_STARTED,MAIN,NORMAL,apps/web/components/survey/library/template-workspace.tsx,814dc05a36e1f2645b7528b9dacc0a344ec615ae,
SV26-0338,,12-template-editor,/studio/survey/{question-templates|templates}/{templateId},自有合成数据；运行时可用,报告配置页签,编辑保存刷新一致；内置模板不可原地改；题目/报告复用编辑器动作按该路由再验证,NOT_STARTED,MAIN,NORMAL,apps/web/components/survey/library/template-workspace.tsx,814dc05a36e1f2645b7528b9dacc0a344ec615ae,
SV26-0339,,12-template-editor,/studio/survey/{question-templates|templates}/{templateId},自有合成数据；运行时可用,保存模板,编辑保存刷新一致；内置模板不可原地改；题目/报告复用编辑器动作按该路由再验证,NOT_STARTED,MAIN,NORMAL,apps/web/components/survey/library/template-workspace.tsx,814dc05a36e1f2645b7528b9dacc0a344ec615ae,
SV26-0340,,12-template-editor,/studio/survey/{question-templates|templates}/{templateId},自有合成数据；运行时可用,保存为我的模板,编辑保存刷新一致；内置模板不可原地改；题目/报告复用编辑器动作按该路由再验证,NOT_STARTED,MAIN,NORMAL,apps/web/components/survey/library/template-workspace.tsx,814dc05a36e1f2645b7528b9dacc0a344ec615ae,
SV26-0341,,12-template-editor,/studio/survey/{question-templates|templates}/{templateId},自有合成数据；运行时可用,另存副本,编辑保存刷新一致；内置模板不可原地改；题目/报告复用编辑器动作按该路由再验证,NOT_STARTED,MAIN,NORMAL,apps/web/components/survey/library/template-workspace.tsx,814dc05a36e1f2645b7528b9dacc0a344ec615ae,
SV26-0342,,12-template-editor,/studio/survey/{question-templates|templates}/{templateId},自有合成数据；运行时可用,刷新：dirty取消,编辑保存刷新一致；内置模板不可原地改；题目/报告复用编辑器动作按该路由再验证,NOT_STARTED,MAIN,NORMAL,apps/web/components/survey/library/template-workspace.tsx,814dc05a36e1f2645b7528b9dacc0a344ec615ae,
SV26-0343,,12-template-editor,/studio/survey/{question-templates|templates}/{templateId},自有合成数据；运行时可用,刷新：dirty确认,编辑保存刷新一致；内置模板不可原地改；题目/报告复用编辑器动作按该路由再验证,NOT_STARTED,MAIN,NORMAL,apps/web/components/survey/library/template-workspace.tsx,814dc05a36e1f2645b7528b9dacc0a344ec615ae,
SV26-0344,,12-template-editor,/studio/survey/{question-templates|templates}/{templateId},自有合成数据；运行时可用,使用此模板,编辑保存刷新一致；内置模板不可原地改；题目/报告复用编辑器动作按该路由再验证,NOT_STARTED,MAIN,NORMAL,apps/web/components/survey/library/template-workspace.tsx,814dc05a36e1f2645b7528b9dacc0a344ec615ae,
SV26-0345,,13-apply-save-问卷,/studio/survey/{surveyId}/design,自有合成数据；运行时可用,使用问卷模板,来源模板不变；显式绑定目的questionIds；加载失败可重试；保存后库中真实存在,NOT_STARTED,MAIN,NORMAL,apps/web/components/survey/library/template-actions.tsx,814dc05a36e1f2645b7528b9dacc0a344ec615ae,
SV26-0346,,13-apply-save-问卷,/studio/survey/{surveyId}/design,自有合成数据；运行时可用,选择问卷模板,来源模板不变；显式绑定目的questionIds；加载失败可重试；保存后库中真实存在,NOT_STARTED,MAIN,NORMAL,apps/web/components/survey/library/template-actions.tsx,814dc05a36e1f2645b7528b9dacc0a344ec615ae,
SV26-0347,,13-apply-save-问卷,/studio/survey/{surveyId}/design,自有合成数据；运行时可用,对应题目映射,来源模板不变；显式绑定目的questionIds；加载失败可重试；保存后库中真实存在,NOT_STARTED,MAIN,NORMAL,apps/web/components/survey/library/template-actions.tsx,814dc05a36e1f2645b7528b9dacc0a344ec615ae,
SV26-0348,,13-apply-save-问卷,/studio/survey/{surveyId}/design,自有合成数据；运行时可用,应用模板→取消替换,来源模板不变；显式绑定目的questionIds；加载失败可重试；保存后库中真实存在,NOT_STARTED,MAIN,NORMAL,apps/web/components/survey/library/template-actions.tsx,814dc05a36e1f2645b7528b9dacc0a344ec615ae,
SV26-0349,,13-apply-save-问卷,/studio/survey/{surveyId}/design,自有合成数据；运行时可用,应用模板→确认替换,来源模板不变；显式绑定目的questionIds；加载失败可重试；保存后库中真实存在,NOT_STARTED,MAIN,NORMAL,apps/web/components/survey/library/template-actions.tsx,814dc05a36e1f2645b7528b9dacc0a344ec615ae,
SV26-0350,,13-apply-save-问卷,/studio/survey/{surveyId}/design,自有合成数据；运行时可用,保存为问卷模板,来源模板不变；显式绑定目的questionIds；加载失败可重试；保存后库中真实存在,NOT_STARTED,MAIN,NORMAL,apps/web/components/survey/library/template-actions.tsx,814dc05a36e1f2645b7528b9dacc0a344ec615ae,
SV26-0351,,13-apply-save-问卷,/studio/survey/{surveyId}/design,自有合成数据；运行时可用,保存模板名称,来源模板不变；显式绑定目的questionIds；加载失败可重试；保存后库中真实存在,NOT_STARTED,MAIN,NORMAL,apps/web/components/survey/library/template-actions.tsx,814dc05a36e1f2645b7528b9dacc0a344ec615ae,
SV26-0352,,13-apply-save-问卷,/studio/survey/{surveyId}/design,自有合成数据；运行时可用,确认保存模板,来源模板不变；显式绑定目的questionIds；加载失败可重试；保存后库中真实存在,NOT_STARTED,MAIN,NORMAL,apps/web/components/survey/library/template-actions.tsx,814dc05a36e1f2645b7528b9dacc0a344ec615ae,
SV26-0353,,13-apply-save-问卷,/studio/survey/{surveyId}/design,自有合成数据；运行时可用,模板弹窗关闭,来源模板不变；显式绑定目的questionIds；加载失败可重试；保存后库中真实存在,NOT_STARTED,MAIN,NORMAL,apps/web/components/survey/library/template-actions.tsx,814dc05a36e1f2645b7528b9dacc0a344ec615ae,
SV26-0354,,13-apply-save-问卷,/studio/survey/{surveyId}/design,自有合成数据；运行时可用,模板加载错误重试,来源模板不变；显式绑定目的questionIds；加载失败可重试；保存后库中真实存在,NOT_STARTED,MAIN,NORMAL,apps/web/components/survey/library/template-actions.tsx,814dc05a36e1f2645b7528b9dacc0a344ec615ae,
SV26-0355,,13-apply-save-报告,/studio/survey/{surveyId}/template,自有合成数据；运行时可用,使用报告模板,来源模板不变；显式绑定目的questionIds；加载失败可重试；保存后库中真实存在,NOT_STARTED,MAIN,NORMAL,apps/web/components/survey/library/template-actions.tsx,814dc05a36e1f2645b7528b9dacc0a344ec615ae,
SV26-0356,,13-apply-save-报告,/studio/survey/{surveyId}/template,自有合成数据；运行时可用,选择报告模板,来源模板不变；显式绑定目的questionIds；加载失败可重试；保存后库中真实存在,NOT_STARTED,MAIN,NORMAL,apps/web/components/survey/library/template-actions.tsx,814dc05a36e1f2645b7528b9dacc0a344ec615ae,
SV26-0357,,13-apply-save-报告,/studio/survey/{surveyId}/template,自有合成数据；运行时可用,对应题目映射,来源模板不变；显式绑定目的questionIds；加载失败可重试；保存后库中真实存在,NOT_STARTED,MAIN,NORMAL,apps/web/components/survey/library/template-actions.tsx,814dc05a36e1f2645b7528b9dacc0a344ec615ae,
SV26-0358,,13-apply-save-报告,/studio/survey/{surveyId}/template,自有合成数据；运行时可用,应用模板→取消替换,来源模板不变；显式绑定目的questionIds；加载失败可重试；保存后库中真实存在,NOT_STARTED,MAIN,NORMAL,apps/web/components/survey/library/template-actions.tsx,814dc05a36e1f2645b7528b9dacc0a344ec615ae,
SV26-0359,,13-apply-save-报告,/studio/survey/{surveyId}/template,自有合成数据；运行时可用,应用模板→确认替换,来源模板不变；显式绑定目的questionIds；加载失败可重试；保存后库中真实存在,NOT_STARTED,MAIN,NORMAL,apps/web/components/survey/library/template-actions.tsx,814dc05a36e1f2645b7528b9dacc0a344ec615ae,
SV26-0360,,13-apply-save-报告,/studio/survey/{surveyId}/template,自有合成数据；运行时可用,保存为报告模板,来源模板不变；显式绑定目的questionIds；加载失败可重试；保存后库中真实存在,NOT_STARTED,MAIN,NORMAL,apps/web/components/survey/library/template-actions.tsx,814dc05a36e1f2645b7528b9dacc0a344ec615ae,
SV26-0361,,13-apply-save-报告,/studio/survey/{surveyId}/template,自有合成数据；运行时可用,保存模板名称,来源模板不变；显式绑定目的questionIds；加载失败可重试；保存后库中真实存在,NOT_STARTED,MAIN,NORMAL,apps/web/components/survey/library/template-actions.tsx,814dc05a36e1f2645b7528b9dacc0a344ec615ae,
SV26-0362,,13-apply-save-报告,/studio/survey/{surveyId}/template,自有合成数据；运行时可用,确认保存模板,来源模板不变；显式绑定目的questionIds；加载失败可重试；保存后库中真实存在,NOT_STARTED,MAIN,NORMAL,apps/web/components/survey/library/template-actions.tsx,814dc05a36e1f2645b7528b9dacc0a344ec615ae,
SV26-0363,,13-apply-save-报告,/studio/survey/{surveyId}/template,自有合成数据；运行时可用,模板弹窗关闭,来源模板不变；显式绑定目的questionIds；加载失败可重试；保存后库中真实存在,NOT_STARTED,MAIN,NORMAL,apps/web/components/survey/library/template-actions.tsx,814dc05a36e1f2645b7528b9dacc0a344ec615ae,
SV26-0364,,13-apply-save-报告,/studio/survey/{surveyId}/template,自有合成数据；运行时可用,模板加载错误重试,来源模板不变；显式绑定目的questionIds；加载失败可重试；保存后库中真实存在,NOT_STARTED,MAIN,NORMAL,apps/web/components/survey/library/template-actions.tsx,814dc05a36e1f2645b7528b9dacc0a344ec615ae,
SV26-0365,,14-report-design,/studio/survey/{surveyId}/template,自有合成数据；运行时可用,报告标题,配置/顺序正确；无效输入有诊断；JSON实际下载读取；导入保留合法内容；刷新保持,NOT_STARTED,MAIN,NORMAL,apps/web/components/survey/report/template-editor.tsx,814dc05a36e1f2645b7528b9dacc0a344ec615ae,
SV26-0366,,14-report-design,/studio/survey/{surveyId}/template,自有合成数据；运行时可用,预览完整报告,配置/顺序正确；无效输入有诊断；JSON实际下载读取；导入保留合法内容；刷新保持,NOT_STARTED,MAIN,NORMAL,apps/web/components/survey/report/template-editor.tsx,814dc05a36e1f2645b7528b9dacc0a344ec615ae,
SV26-0367,,14-report-design,/studio/survey/{surveyId}/template,自有合成数据；运行时可用,返回编辑报告,配置/顺序正确；无效输入有诊断；JSON实际下载读取；导入保留合法内容；刷新保持,NOT_STARTED,MAIN,NORMAL,apps/web/components/survey/report/template-editor.tsx,814dc05a36e1f2645b7528b9dacc0a344ec615ae,
SV26-0368,,14-report-design,/studio/survey/{surveyId}/template,自有合成数据；运行时可用,导出模板JSON,配置/顺序正确；无效输入有诊断；JSON实际下载读取；导入保留合法内容；刷新保持,NOT_STARTED,MAIN,NORMAL,apps/web/components/survey/report/template-editor.tsx,814dc05a36e1f2645b7528b9dacc0a344ec615ae,
SV26-0369,,14-report-design,/studio/survey/{surveyId}/template,自有合成数据；运行时可用,导入模板文件：合法,配置/顺序正确；无效输入有诊断；JSON实际下载读取；导入保留合法内容；刷新保持,NOT_STARTED,MAIN,NORMAL,apps/web/components/survey/report/template-editor.tsx,814dc05a36e1f2645b7528b9dacc0a344ec615ae,
SV26-0370,,14-report-design,/studio/survey/{surveyId}/template,自有合成数据；运行时可用,导入模板文件：非法,配置/顺序正确；无效输入有诊断；JSON实际下载读取；导入保留合法内容；刷新保持,NOT_STARTED,MAIN,NORMAL,apps/web/components/survey/report/template-editor.tsx,814dc05a36e1f2645b7528b9dacc0a344ec615ae,
SV26-0371,,14-report-design,/studio/survey/{surveyId}/template,自有合成数据；运行时可用,选择报告章节,配置/顺序正确；无效输入有诊断；JSON实际下载读取；导入保留合法内容；刷新保持,NOT_STARTED,MAIN,NORMAL,apps/web/components/survey/report/template-editor.tsx,814dc05a36e1f2645b7528b9dacc0a344ec615ae,
SV26-0372,,14-report-design,/studio/survey/{surveyId}/template,自有合成数据；运行时可用,新增章节,配置/顺序正确；无效输入有诊断；JSON实际下载读取；导入保留合法内容；刷新保持,NOT_STARTED,MAIN,NORMAL,apps/web/components/survey/report/template-editor.tsx,814dc05a36e1f2645b7528b9dacc0a344ec615ae,
SV26-0373,,14-report-design,/studio/survey/{surveyId}/template,自有合成数据；运行时可用,章节标题,配置/顺序正确；无效输入有诊断；JSON实际下载读取；导入保留合法内容；刷新保持,NOT_STARTED,MAIN,NORMAL,apps/web/components/survey/report/template-editor.tsx,814dc05a36e1f2645b7528b9dacc0a344ec615ae,
SV26-0374,,14-report-design,/studio/survey/{surveyId}/template,自有合成数据；运行时可用,生成章节解读与行动建议,配置/顺序正确；无效输入有诊断；JSON实际下载读取；导入保留合法内容；刷新保持,NOT_STARTED,MAIN,NORMAL,apps/web/components/survey/report/template-editor.tsx,814dc05a36e1f2645b7528b9dacc0a344ec615ae,
SV26-0375,,14-report-design,/studio/survey/{surveyId}/template,自有合成数据；运行时可用,复制章节,配置/顺序正确；无效输入有诊断；JSON实际下载读取；导入保留合法内容；刷新保持,NOT_STARTED,MAIN,NORMAL,apps/web/components/survey/report/template-editor.tsx,814dc05a36e1f2645b7528b9dacc0a344ec615ae,
SV26-0376,,14-report-design,/studio/survey/{surveyId}/template,自有合成数据；运行时可用,章节上移,配置/顺序正确；无效输入有诊断；JSON实际下载读取；导入保留合法内容；刷新保持,NOT_STARTED,MAIN,NORMAL,apps/web/components/survey/report/template-editor.tsx,814dc05a36e1f2645b7528b9dacc0a344ec615ae,
SV26-0377,,14-report-design,/studio/survey/{surveyId}/template,自有合成数据；运行时可用,章节下移,配置/顺序正确；无效输入有诊断；JSON实际下载读取；导入保留合法内容；刷新保持,NOT_STARTED,MAIN,NORMAL,apps/web/components/survey/report/template-editor.tsx,814dc05a36e1f2645b7528b9dacc0a344ec615ae,
SV26-0378,,14-report-design,/studio/survey/{surveyId}/template,自有合成数据；运行时可用,删除章节,配置/顺序正确；无效输入有诊断；JSON实际下载读取；导入保留合法内容；刷新保持,NOT_STARTED,MAIN,NORMAL,apps/web/components/survey/report/template-editor.tsx,814dc05a36e1f2645b7528b9dacc0a344ec615ae,
SV26-0379,,14-report-design,/studio/survey/{surveyId}/template,自有合成数据；运行时可用,内容标题,配置/顺序正确；无效输入有诊断；JSON实际下载读取；导入保留合法内容；刷新保持,NOT_STARTED,MAIN,NORMAL,apps/web/components/survey/report/template-editor.tsx,814dc05a36e1f2645b7528b9dacc0a344ec615ae,
SV26-0380,,14-report-design,/studio/survey/{surveyId}/template,自有合成数据；运行时可用,正文,配置/顺序正确；无效输入有诊断；JSON实际下载读取；导入保留合法内容；刷新保持,NOT_STARTED,MAIN,NORMAL,apps/web/components/survey/report/template-editor.tsx,814dc05a36e1f2645b7528b9dacc0a344ec615ae,
SV26-0381,,14-report-design,/studio/survey/{surveyId}/template,自有合成数据；运行时可用,图片地址,配置/顺序正确；无效输入有诊断；JSON实际下载读取；导入保留合法内容；刷新保持,NOT_STARTED,MAIN,NORMAL,apps/web/components/survey/report/template-editor.tsx,814dc05a36e1f2645b7528b9dacc0a344ec615ae,
SV26-0382,,14-report-design,/studio/survey/{surveyId}/template,自有合成数据；运行时可用,绑定题目,配置/顺序正确；无效输入有诊断；JSON实际下载读取；导入保留合法内容；刷新保持,NOT_STARTED,MAIN,NORMAL,apps/web/components/survey/report/template-editor.tsx,814dc05a36e1f2645b7528b9dacc0a344ec615ae,
SV26-0383,,14-report-design,/studio/survey/{surveyId}/template,自有合成数据；运行时可用,统计口径,配置/顺序正确；无效输入有诊断；JSON实际下载读取；导入保留合法内容；刷新保持,NOT_STARTED,MAIN,NORMAL,apps/web/components/survey/report/template-editor.tsx,814dc05a36e1f2645b7528b9dacc0a344ec615ae,
SV26-0384,,14-report-design,/studio/survey/{surveyId}/template,自有合成数据；运行时可用,分组题目,配置/顺序正确；无效输入有诊断；JSON实际下载读取；导入保留合法内容；刷新保持,NOT_STARTED,MAIN,NORMAL,apps/web/components/survey/report/template-editor.tsx,814dc05a36e1f2645b7528b9dacc0a344ec615ae,
SV26-0385,,14-report-design,/studio/survey/{surveyId}/template,自有合成数据；运行时可用,样本范围,配置/顺序正确；无效输入有诊断；JSON实际下载读取；导入保留合法内容；刷新保持,NOT_STARTED,MAIN,NORMAL,apps/web/components/survey/report/template-editor.tsx,814dc05a36e1f2645b7528b9dacc0a344ec615ae,
SV26-0386,,14-report-design,/studio/survey/{surveyId}/template,自有合成数据；运行时可用,最小分组样本,配置/顺序正确；无效输入有诊断；JSON实际下载读取；导入保留合法内容；刷新保持,NOT_STARTED,MAIN,NORMAL,apps/web/components/survey/report/template-editor.tsx,814dc05a36e1f2645b7528b9dacc0a344ec615ae,
SV26-0387,,14-report-design,/studio/survey/{surveyId}/template,自有合成数据；运行时可用,目标值,配置/顺序正确；无效输入有诊断；JSON实际下载读取；导入保留合法内容；刷新保持,NOT_STARTED,MAIN,NORMAL,apps/web/components/survey/report/template-editor.tsx,814dc05a36e1f2645b7528b9dacc0a344ec615ae,
SV26-0388,,14-report-design,/studio/survey/{surveyId}/template,自有合成数据；运行时可用,说明 / 图注,配置/顺序正确；无效输入有诊断；JSON实际下载读取；导入保留合法内容；刷新保持,NOT_STARTED,MAIN,NORMAL,apps/web/components/survey/report/template-editor.tsx,814dc05a36e1f2645b7528b9dacc0a344ec615ae,
SV26-0389,,14-report-design,/studio/survey/{surveyId}/template,专用报告章节；对应真实合成答卷与映射,文字说明：添加,对应块类型、内容、数据、顺序正确；边界禁用；保存刷新保持,NOT_STARTED,MAIN,NORMAL,apps/web/components/survey/report/template-editor.tsx,814dc05a36e1f2645b7528b9dacc0a344ec615ae,
SV26-0390,,14-report-design,/studio/survey/{surveyId}/template,专用报告章节；对应真实合成答卷与映射,文字说明：配置并预览,对应块类型、内容、数据、顺序正确；边界禁用；保存刷新保持,NOT_STARTED,MAIN,NORMAL,apps/web/components/survey/report/template-editor.tsx,814dc05a36e1f2645b7528b9dacc0a344ec615ae,
SV26-0391,,14-report-design,/studio/survey/{surveyId}/template,专用报告章节；对应真实合成答卷与映射,文字说明：复制,对应块类型、内容、数据、顺序正确；边界禁用；保存刷新保持,NOT_STARTED,MAIN,NORMAL,apps/web/components/survey/report/template-editor.tsx,814dc05a36e1f2645b7528b9dacc0a344ec615ae,
SV26-0392,,14-report-design,/studio/survey/{surveyId}/template,专用报告章节；对应真实合成答卷与映射,文字说明：上移,对应块类型、内容、数据、顺序正确；边界禁用；保存刷新保持,NOT_STARTED,MAIN,NORMAL,apps/web/components/survey/report/template-editor.tsx,814dc05a36e1f2645b7528b9dacc0a344ec615ae,
SV26-0393,,14-report-design,/studio/survey/{surveyId}/template,专用报告章节；对应真实合成答卷与映射,文字说明：下移,对应块类型、内容、数据、顺序正确；边界禁用；保存刷新保持,NOT_STARTED,MAIN,NORMAL,apps/web/components/survey/report/template-editor.tsx,814dc05a36e1f2645b7528b9dacc0a344ec615ae,
SV26-0394,,14-report-design,/studio/survey/{surveyId}/template,专用报告章节；对应真实合成答卷与映射,文字说明：删除,对应块类型、内容、数据、顺序正确；边界禁用；保存刷新保持,NOT_STARTED,MAIN,NORMAL,apps/web/components/survey/report/template-editor.tsx,814dc05a36e1f2645b7528b9dacc0a344ec615ae,
SV26-0395,,14-report-design,/studio/survey/{surveyId}/template,专用报告章节；对应真实合成答卷与映射,指标卡：添加,对应块类型、内容、数据、顺序正确；边界禁用；保存刷新保持,NOT_STARTED,MAIN,NORMAL,apps/web/components/survey/report/template-editor.tsx,814dc05a36e1f2645b7528b9dacc0a344ec615ae,
SV26-0396,,14-report-design,/studio/survey/{surveyId}/template,专用报告章节；对应真实合成答卷与映射,指标卡：配置并预览,对应块类型、内容、数据、顺序正确；边界禁用；保存刷新保持,NOT_STARTED,MAIN,NORMAL,apps/web/components/survey/report/template-editor.tsx,814dc05a36e1f2645b7528b9dacc0a344ec615ae,
SV26-0397,,14-report-design,/studio/survey/{surveyId}/template,专用报告章节；对应真实合成答卷与映射,指标卡：复制,对应块类型、内容、数据、顺序正确；边界禁用；保存刷新保持,NOT_STARTED,MAIN,NORMAL,apps/web/components/survey/report/template-editor.tsx,814dc05a36e1f2645b7528b9dacc0a344ec615ae,
SV26-0398,,14-report-design,/studio/survey/{surveyId}/template,专用报告章节；对应真实合成答卷与映射,指标卡：上移,对应块类型、内容、数据、顺序正确；边界禁用；保存刷新保持,NOT_STARTED,MAIN,NORMAL,apps/web/components/survey/report/template-editor.tsx,814dc05a36e1f2645b7528b9dacc0a344ec615ae,
SV26-0399,,14-report-design,/studio/survey/{surveyId}/template,专用报告章节；对应真实合成答卷与映射,指标卡：下移,对应块类型、内容、数据、顺序正确；边界禁用；保存刷新保持,NOT_STARTED,MAIN,NORMAL,apps/web/components/survey/report/template-editor.tsx,814dc05a36e1f2645b7528b9dacc0a344ec615ae,
SV26-0400,,14-report-design,/studio/survey/{surveyId}/template,专用报告章节；对应真实合成答卷与映射,指标卡：删除,对应块类型、内容、数据、顺序正确；边界禁用；保存刷新保持,NOT_STARTED,MAIN,NORMAL,apps/web/components/survey/report/template-editor.tsx,814dc05a36e1f2645b7528b9dacc0a344ec615ae,
SV26-0401,,14-report-design,/studio/survey/{surveyId}/template,专用报告章节；对应真实合成答卷与映射,数据表：添加,对应块类型、内容、数据、顺序正确；边界禁用；保存刷新保持,NOT_STARTED,MAIN,NORMAL,apps/web/components/survey/report/template-editor.tsx,814dc05a36e1f2645b7528b9dacc0a344ec615ae,
SV26-0402,,14-report-design,/studio/survey/{surveyId}/template,专用报告章节；对应真实合成答卷与映射,数据表：配置并预览,对应块类型、内容、数据、顺序正确；边界禁用；保存刷新保持,NOT_STARTED,MAIN,NORMAL,apps/web/components/survey/report/template-editor.tsx,814dc05a36e1f2645b7528b9dacc0a344ec615ae,
SV26-0403,,14-report-design,/studio/survey/{surveyId}/template,专用报告章节；对应真实合成答卷与映射,数据表：复制,对应块类型、内容、数据、顺序正确；边界禁用；保存刷新保持,NOT_STARTED,MAIN,NORMAL,apps/web/components/survey/report/template-editor.tsx,814dc05a36e1f2645b7528b9dacc0a344ec615ae,
SV26-0404,,14-report-design,/studio/survey/{surveyId}/template,专用报告章节；对应真实合成答卷与映射,数据表：上移,对应块类型、内容、数据、顺序正确；边界禁用；保存刷新保持,NOT_STARTED,MAIN,NORMAL,apps/web/components/survey/report/template-editor.tsx,814dc05a36e1f2645b7528b9dacc0a344ec615ae,
SV26-0405,,14-report-design,/studio/survey/{surveyId}/template,专用报告章节；对应真实合成答卷与映射,数据表：下移,对应块类型、内容、数据、顺序正确；边界禁用；保存刷新保持,NOT_STARTED,MAIN,NORMAL,apps/web/components/survey/report/template-editor.tsx,814dc05a36e1f2645b7528b9dacc0a344ec615ae,
SV26-0406,,14-report-design,/studio/survey/{surveyId}/template,专用报告章节；对应真实合成答卷与映射,数据表：删除,对应块类型、内容、数据、顺序正确；边界禁用；保存刷新保持,NOT_STARTED,MAIN,NORMAL,apps/web/components/survey/report/template-editor.tsx,814dc05a36e1f2645b7528b9dacc0a344ec615ae,
SV26-0407,,14-report-design,/studio/survey/{surveyId}/template,专用报告章节；对应真实合成答卷与映射,柱状图：添加,对应块类型、内容、数据、顺序正确；边界禁用；保存刷新保持,NOT_STARTED,MAIN,NORMAL,apps/web/components/survey/report/template-editor.tsx,814dc05a36e1f2645b7528b9dacc0a344ec615ae,
SV26-0408,,14-report-design,/studio/survey/{surveyId}/template,专用报告章节；对应真实合成答卷与映射,柱状图：配置并预览,对应块类型、内容、数据、顺序正确；边界禁用；保存刷新保持,NOT_STARTED,MAIN,NORMAL,apps/web/components/survey/report/template-editor.tsx,814dc05a36e1f2645b7528b9dacc0a344ec615ae,
SV26-0409,,14-report-design,/studio/survey/{surveyId}/template,专用报告章节；对应真实合成答卷与映射,柱状图：复制,对应块类型、内容、数据、顺序正确；边界禁用；保存刷新保持,NOT_STARTED,MAIN,NORMAL,apps/web/components/survey/report/template-editor.tsx,814dc05a36e1f2645b7528b9dacc0a344ec615ae,
SV26-0410,,14-report-design,/studio/survey/{surveyId}/template,专用报告章节；对应真实合成答卷与映射,柱状图：上移,对应块类型、内容、数据、顺序正确；边界禁用；保存刷新保持,NOT_STARTED,MAIN,NORMAL,apps/web/components/survey/report/template-editor.tsx,814dc05a36e1f2645b7528b9dacc0a344ec615ae,
SV26-0411,,14-report-design,/studio/survey/{surveyId}/template,专用报告章节；对应真实合成答卷与映射,柱状图：下移,对应块类型、内容、数据、顺序正确；边界禁用；保存刷新保持,NOT_STARTED,MAIN,NORMAL,apps/web/components/survey/report/template-editor.tsx,814dc05a36e1f2645b7528b9dacc0a344ec615ae,
SV26-0412,,14-report-design,/studio/survey/{surveyId}/template,专用报告章节；对应真实合成答卷与映射,柱状图：删除,对应块类型、内容、数据、顺序正确；边界禁用；保存刷新保持,NOT_STARTED,MAIN,NORMAL,apps/web/components/survey/report/template-editor.tsx,814dc05a36e1f2645b7528b9dacc0a344ec615ae,
SV26-0413,,14-report-design,/studio/survey/{surveyId}/template,专用报告章节；对应真实合成答卷与映射,雷达图：添加,对应块类型、内容、数据、顺序正确；边界禁用；保存刷新保持,NOT_STARTED,MAIN,NORMAL,apps/web/components/survey/report/template-editor.tsx,814dc05a36e1f2645b7528b9dacc0a344ec615ae,
SV26-0414,,14-report-design,/studio/survey/{surveyId}/template,专用报告章节；对应真实合成答卷与映射,雷达图：配置并预览,对应块类型、内容、数据、顺序正确；边界禁用；保存刷新保持,NOT_STARTED,MAIN,NORMAL,apps/web/components/survey/report/template-editor.tsx,814dc05a36e1f2645b7528b9dacc0a344ec615ae,
SV26-0415,,14-report-design,/studio/survey/{surveyId}/template,专用报告章节；对应真实合成答卷与映射,雷达图：复制,对应块类型、内容、数据、顺序正确；边界禁用；保存刷新保持,NOT_STARTED,MAIN,NORMAL,apps/web/components/survey/report/template-editor.tsx,814dc05a36e1f2645b7528b9dacc0a344ec615ae,
SV26-0416,,14-report-design,/studio/survey/{surveyId}/template,专用报告章节；对应真实合成答卷与映射,雷达图：上移,对应块类型、内容、数据、顺序正确；边界禁用；保存刷新保持,NOT_STARTED,MAIN,NORMAL,apps/web/components/survey/report/template-editor.tsx,814dc05a36e1f2645b7528b9dacc0a344ec615ae,
SV26-0417,,14-report-design,/studio/survey/{surveyId}/template,专用报告章节；对应真实合成答卷与映射,雷达图：下移,对应块类型、内容、数据、顺序正确；边界禁用；保存刷新保持,NOT_STARTED,MAIN,NORMAL,apps/web/components/survey/report/template-editor.tsx,814dc05a36e1f2645b7528b9dacc0a344ec615ae,
SV26-0418,,14-report-design,/studio/survey/{surveyId}/template,专用报告章节；对应真实合成答卷与映射,雷达图：删除,对应块类型、内容、数据、顺序正确；边界禁用；保存刷新保持,NOT_STARTED,MAIN,NORMAL,apps/web/components/survey/report/template-editor.tsx,814dc05a36e1f2645b7528b9dacc0a344ec615ae,
SV26-0419,,14-report-design,/studio/survey/{surveyId}/template,专用报告章节；对应真实合成答卷与映射,时间趋势：添加,对应块类型、内容、数据、顺序正确；边界禁用；保存刷新保持,NOT_STARTED,MAIN,NORMAL,apps/web/components/survey/report/template-editor.tsx,814dc05a36e1f2645b7528b9dacc0a344ec615ae,
SV26-0420,,14-report-design,/studio/survey/{surveyId}/template,专用报告章节；对应真实合成答卷与映射,时间趋势：配置并预览,对应块类型、内容、数据、顺序正确；边界禁用；保存刷新保持,NOT_STARTED,MAIN,NORMAL,apps/web/components/survey/report/template-editor.tsx,814dc05a36e1f2645b7528b9dacc0a344ec615ae,
SV26-0421,,14-report-design,/studio/survey/{surveyId}/template,专用报告章节；对应真实合成答卷与映射,时间趋势：复制,对应块类型、内容、数据、顺序正确；边界禁用；保存刷新保持,NOT_STARTED,MAIN,NORMAL,apps/web/components/survey/report/template-editor.tsx,814dc05a36e1f2645b7528b9dacc0a344ec615ae,
SV26-0422,,14-report-design,/studio/survey/{surveyId}/template,专用报告章节；对应真实合成答卷与映射,时间趋势：上移,对应块类型、内容、数据、顺序正确；边界禁用；保存刷新保持,NOT_STARTED,MAIN,NORMAL,apps/web/components/survey/report/template-editor.tsx,814dc05a36e1f2645b7528b9dacc0a344ec615ae,
SV26-0423,,14-report-design,/studio/survey/{surveyId}/template,专用报告章节；对应真实合成答卷与映射,时间趋势：下移,对应块类型、内容、数据、顺序正确；边界禁用；保存刷新保持,NOT_STARTED,MAIN,NORMAL,apps/web/components/survey/report/template-editor.tsx,814dc05a36e1f2645b7528b9dacc0a344ec615ae,
SV26-0424,,14-report-design,/studio/survey/{surveyId}/template,专用报告章节；对应真实合成答卷与映射,时间趋势：删除,对应块类型、内容、数据、顺序正确；边界禁用；保存刷新保持,NOT_STARTED,MAIN,NORMAL,apps/web/components/survey/report/template-editor.tsx,814dc05a36e1f2645b7528b9dacc0a344ec615ae,
SV26-0425,,14-report-design,/studio/survey/{surveyId}/template,专用报告章节；对应真实合成答卷与映射,差距矩阵：添加,对应块类型、内容、数据、顺序正确；边界禁用；保存刷新保持,NOT_STARTED,MAIN,NORMAL,apps/web/components/survey/report/template-editor.tsx,814dc05a36e1f2645b7528b9dacc0a344ec615ae,
SV26-0426,,14-report-design,/studio/survey/{surveyId}/template,专用报告章节；对应真实合成答卷与映射,差距矩阵：配置并预览,对应块类型、内容、数据、顺序正确；边界禁用；保存刷新保持,NOT_STARTED,MAIN,NORMAL,apps/web/components/survey/report/template-editor.tsx,814dc05a36e1f2645b7528b9dacc0a344ec615ae,
SV26-0427,,14-report-design,/studio/survey/{surveyId}/template,专用报告章节；对应真实合成答卷与映射,差距矩阵：复制,对应块类型、内容、数据、顺序正确；边界禁用；保存刷新保持,NOT_STARTED,MAIN,NORMAL,apps/web/components/survey/report/template-editor.tsx,814dc05a36e1f2645b7528b9dacc0a344ec615ae,
SV26-0428,,14-report-design,/studio/survey/{surveyId}/template,专用报告章节；对应真实合成答卷与映射,差距矩阵：上移,对应块类型、内容、数据、顺序正确；边界禁用；保存刷新保持,NOT_STARTED,MAIN,NORMAL,apps/web/components/survey/report/template-editor.tsx,814dc05a36e1f2645b7528b9dacc0a344ec615ae,
SV26-0429,,14-report-design,/studio/survey/{surveyId}/template,专用报告章节；对应真实合成答卷与映射,差距矩阵：下移,对应块类型、内容、数据、顺序正确；边界禁用；保存刷新保持,NOT_STARTED,MAIN,NORMAL,apps/web/components/survey/report/template-editor.tsx,814dc05a36e1f2645b7528b9dacc0a344ec615ae,
SV26-0430,,14-report-design,/studio/survey/{surveyId}/template,专用报告章节；对应真实合成答卷与映射,差距矩阵：删除,对应块类型、内容、数据、顺序正确；边界禁用；保存刷新保持,NOT_STARTED,MAIN,NORMAL,apps/web/components/survey/report/template-editor.tsx,814dc05a36e1f2645b7528b9dacc0a344ec615ae,
SV26-0431,,14-report-design,/studio/survey/{surveyId}/template,专用报告章节；对应真实合成答卷与映射,图片：添加,对应块类型、内容、数据、顺序正确；边界禁用；保存刷新保持,NOT_STARTED,MAIN,NORMAL,apps/web/components/survey/report/template-editor.tsx,814dc05a36e1f2645b7528b9dacc0a344ec615ae,
SV26-0432,,14-report-design,/studio/survey/{surveyId}/template,专用报告章节；对应真实合成答卷与映射,图片：配置并预览,对应块类型、内容、数据、顺序正确；边界禁用；保存刷新保持,NOT_STARTED,MAIN,NORMAL,apps/web/components/survey/report/template-editor.tsx,814dc05a36e1f2645b7528b9dacc0a344ec615ae,
SV26-0433,,14-report-design,/studio/survey/{surveyId}/template,专用报告章节；对应真实合成答卷与映射,图片：复制,对应块类型、内容、数据、顺序正确；边界禁用；保存刷新保持,NOT_STARTED,MAIN,NORMAL,apps/web/components/survey/report/template-editor.tsx,814dc05a36e1f2645b7528b9dacc0a344ec615ae,
SV26-0434,,14-report-design,/studio/survey/{surveyId}/template,专用报告章节；对应真实合成答卷与映射,图片：上移,对应块类型、内容、数据、顺序正确；边界禁用；保存刷新保持,NOT_STARTED,MAIN,NORMAL,apps/web/components/survey/report/template-editor.tsx,814dc05a36e1f2645b7528b9dacc0a344ec615ae,
SV26-0435,,14-report-design,/studio/survey/{surveyId}/template,专用报告章节；对应真实合成答卷与映射,图片：下移,对应块类型、内容、数据、顺序正确；边界禁用；保存刷新保持,NOT_STARTED,MAIN,NORMAL,apps/web/components/survey/report/template-editor.tsx,814dc05a36e1f2645b7528b9dacc0a344ec615ae,
SV26-0436,,14-report-design,/studio/survey/{surveyId}/template,专用报告章节；对应真实合成答卷与映射,图片：删除,对应块类型、内容、数据、顺序正确；边界禁用；保存刷新保持,NOT_STARTED,MAIN,NORMAL,apps/web/components/survey/report/template-editor.tsx,814dc05a36e1f2645b7528b9dacc0a344ec615ae,
SV26-0437,,14-report-design,/studio/survey/{surveyId}/template,专用报告章节；对应真实合成答卷与映射,分页：添加,对应块类型、内容、数据、顺序正确；边界禁用；保存刷新保持,NOT_STARTED,MAIN,NORMAL,apps/web/components/survey/report/template-editor.tsx,814dc05a36e1f2645b7528b9dacc0a344ec615ae,
SV26-0438,,14-report-design,/studio/survey/{surveyId}/template,专用报告章节；对应真实合成答卷与映射,分页：配置并预览,对应块类型、内容、数据、顺序正确；边界禁用；保存刷新保持,NOT_STARTED,MAIN,NORMAL,apps/web/components/survey/report/template-editor.tsx,814dc05a36e1f2645b7528b9dacc0a344ec615ae,
SV26-0439,,14-report-design,/studio/survey/{surveyId}/template,专用报告章节；对应真实合成答卷与映射,分页：复制,对应块类型、内容、数据、顺序正确；边界禁用；保存刷新保持,NOT_STARTED,MAIN,NORMAL,apps/web/components/survey/report/template-editor.tsx,814dc05a36e1f2645b7528b9dacc0a344ec615ae,
SV26-0440,,14-report-design,/studio/survey/{surveyId}/template,专用报告章节；对应真实合成答卷与映射,分页：上移,对应块类型、内容、数据、顺序正确；边界禁用；保存刷新保持,NOT_STARTED,MAIN,NORMAL,apps/web/components/survey/report/template-editor.tsx,814dc05a36e1f2645b7528b9dacc0a344ec615ae,
SV26-0441,,14-report-design,/studio/survey/{surveyId}/template,专用报告章节；对应真实合成答卷与映射,分页：下移,对应块类型、内容、数据、顺序正确；边界禁用；保存刷新保持,NOT_STARTED,MAIN,NORMAL,apps/web/components/survey/report/template-editor.tsx,814dc05a36e1f2645b7528b9dacc0a344ec615ae,
SV26-0442,,14-report-design,/studio/survey/{surveyId}/template,专用报告章节；对应真实合成答卷与映射,分页：删除,对应块类型、内容、数据、顺序正确；边界禁用；保存刷新保持,NOT_STARTED,MAIN,NORMAL,apps/web/components/survey/report/template-editor.tsx,814dc05a36e1f2645b7528b9dacc0a344ec615ae,
SV26-0443,,15-publish,/studio/survey/{surveyId}/publish,自有合成数据；运行时可用,截止时间,服务端原子验证；状态只来自返回值；链接/冻结设置一致；截止/限答执行；旧批次与答卷不变,NOT_STARTED,MAIN,NORMAL,apps/web/components/survey/live/survey-workspace.tsx,814dc05a36e1f2645b7528b9dacc0a344ec615ae,
SV26-0444,,15-publish,/studio/survey/{surveyId}/publish,自有合成数据；运行时可用,开始回收：draft,服务端原子验证；状态只来自返回值；链接/冻结设置一致；截止/限答执行；旧批次与答卷不变,NOT_STARTED,MAIN,NORMAL,apps/web/components/survey/live/survey-workspace.tsx,814dc05a36e1f2645b7528b9dacc0a344ec615ae,
SV26-0445,,15-publish,/studio/survey/{surveyId}/publish,自有合成数据；运行时可用,开始回收：ready,服务端原子验证；状态只来自返回值；链接/冻结设置一致；截止/限答执行；旧批次与答卷不变,NOT_STARTED,MAIN,NORMAL,apps/web/components/survey/live/survey-workspace.tsx,814dc05a36e1f2645b7528b9dacc0a344ec615ae,
SV26-0446,,15-publish,/studio/survey/{surveyId}/publish,自有合成数据；运行时可用,开始回收：dirty-ready模板,服务端原子验证；状态只来自返回值；链接/冻结设置一致；截止/限答执行；旧批次与答卷不变,NOT_STARTED,MAIN,NORMAL,apps/web/components/survey/live/survey-workspace.tsx,814dc05a36e1f2645b7528b9dacc0a344ec615ae,
SV26-0447,,15-publish,/studio/survey/{surveyId}/publish,自有合成数据；运行时可用,返回编辑,服务端原子验证；状态只来自返回值；链接/冻结设置一致；截止/限答执行；旧批次与答卷不变,NOT_STARTED,MAIN,NORMAL,apps/web/components/survey/live/survey-workspace.tsx,814dc05a36e1f2645b7528b9dacc0a344ec615ae,
SV26-0448,,15-publish,/studio/survey/{surveyId}/publish,自有合成数据；运行时可用,答题链接只读,服务端原子验证；状态只来自返回值；链接/冻结设置一致；截止/限答执行；旧批次与答卷不变,NOT_STARTED,MAIN,NORMAL,apps/web/components/survey/live/survey-workspace.tsx,814dc05a36e1f2645b7528b9dacc0a344ec615ae,
SV26-0449,,15-publish,/studio/survey/{surveyId}/publish,自有合成数据；运行时可用,复制答题链接,服务端原子验证；状态只来自返回值；链接/冻结设置一致；截止/限答执行；旧批次与答卷不变,NOT_STARTED,MAIN,NORMAL,apps/web/components/survey/live/survey-workspace.tsx,814dc05a36e1f2645b7528b9dacc0a344ec615ae,
SV26-0450,,15-publish,/studio/survey/{surveyId}/publish,自有合成数据；运行时可用,停止回收,服务端原子验证；状态只来自返回值；链接/冻结设置一致；截止/限答执行；旧批次与答卷不变,NOT_STARTED,MAIN,NORMAL,apps/web/components/survey/live/survey-workspace.tsx,814dc05a36e1f2645b7528b9dacc0a344ec615ae,
SV26-0451,,15-publish,/studio/survey/{surveyId}/publish,自有合成数据；运行时可用,再次发布,服务端原子验证；状态只来自返回值；链接/冻结设置一致；截止/限答执行；旧批次与答卷不变,NOT_STARTED,MAIN,NORMAL,apps/web/components/survey/live/survey-workspace.tsx,814dc05a36e1f2645b7528b9dacc0a344ec615ae,
SV26-0452,,15-publish,/studio/survey/{surveyId}/publish,自有合成数据；运行时可用,匿名填写：发布前开,服务端原子验证；状态只来自返回值；链接/冻结设置一致；截止/限答执行；旧批次与答卷不变,NOT_STARTED,MAIN,NORMAL,apps/web/components/survey/live/survey-workspace.tsx,814dc05a36e1f2645b7528b9dacc0a344ec615ae,
SV26-0453,,15-publish,/studio/survey/{surveyId}/publish,自有合成数据；运行时可用,匿名填写：发布前关,服务端原子验证；状态只来自返回值；链接/冻结设置一致；截止/限答执行；旧批次与答卷不变,NOT_STARTED,MAIN,NORMAL,apps/web/components/survey/live/survey-workspace.tsx,814dc05a36e1f2645b7528b9dacc0a344ec615ae,
SV26-0454,,15-publish,/studio/survey/{surveyId}/publish,自有合成数据；运行时可用,匿名填写：发布后锁定,服务端原子验证；状态只来自返回值；链接/冻结设置一致；截止/限答执行；旧批次与答卷不变,NOT_STARTED,MAIN,NORMAL,apps/web/components/survey/live/survey-workspace.tsx,814dc05a36e1f2645b7528b9dacc0a344ec615ae,
SV26-0455,,15-publish,/studio/survey/{surveyId}/publish,自有合成数据；运行时可用,同一浏览器限答一次,服务端原子验证；状态只来自返回值；链接/冻结设置一致；截止/限答执行；旧批次与答卷不变,NOT_STARTED,MAIN,NORMAL,apps/web/components/survey/live/survey-workspace.tsx,814dc05a36e1f2645b7528b9dacc0a344ec615ae,
SV26-0456,,15-publish,/studio/survey/{surveyId}/publish,自有合成数据；运行时可用,成功页 Markdown,服务端原子验证；状态只来自返回值；链接/冻结设置一致；截止/限答执行；旧批次与答卷不变,NOT_STARTED,MAIN,NORMAL,apps/web/components/survey/live/survey-workspace.tsx,814dc05a36e1f2645b7528b9dacc0a344ec615ae,
SV26-0457,,15-publish,/studio/survey/{surveyId}/publish,自有合成数据；运行时可用,预览成功页,服务端原子验证；状态只来自返回值；链接/冻结设置一致；截止/限答执行；旧批次与答卷不变,NOT_STARTED,MAIN,NORMAL,apps/web/components/survey/live/survey-workspace.tsx,814dc05a36e1f2645b7528b9dacc0a344ec615ae,
SV26-0458,,15-publish,/studio/survey/{surveyId}/publish,自有合成数据；运行时可用,回收批次选择,服务端原子验证；状态只来自返回值；链接/冻结设置一致；截止/限答执行；旧批次与答卷不变,NOT_STARTED,MAIN,NORMAL,apps/web/components/survey/live/survey-workspace.tsx,814dc05a36e1f2645b7528b9dacc0a344ec615ae,
SV26-0459,,15-publish,/studio/survey/{surveyId}/publish,自有合成数据；运行时可用,历史批次只读,服务端原子验证；状态只来自返回值；链接/冻结设置一致；截止/限答执行；旧批次与答卷不变,NOT_STARTED,MAIN,NORMAL,apps/web/components/survey/live/survey-workspace.tsx,814dc05a36e1f2645b7528b9dacc0a344ec615ae,
SV26-0460,,15-publish,/studio/survey/{surveyId}/publish,父agent先读取活issue及适用授权,匿名填写：发布后需要修改,按#5067当前需求/权限证据判定；不推断签核,NOT_STARTED,MAIN,PARENT_VERIFY_5067,apps/web/components/survey/live/survey-workspace.tsx,814dc05a36e1f2645b7528b9dacc0a344ec615ae,
SV26-0461,,15-publish,/studio/survey/{surveyId}/publish,父agent先读取活issue及适用授权,匿名身份/公开返回字段隐私反证,按#5067当前需求/权限证据判定；不推断签核,NOT_STARTED,MAIN,PARENT_VERIFY_5067,apps/web/components/survey/live/survey-workspace.tsx,814dc05a36e1f2645b7528b9dacc0a344ec615ae,
SV26-0462,,16-public,/surveys/{token},自有合成数据；运行时可用,必答为空提交,无效不入库；合法唯一持久化；逻辑/分页正确；关闭/截止拒绝；成功页不执行不安全HTML,NOT_STARTED,MAIN,NORMAL,apps/web/components/survey/live/public-survey-form.tsx,814dc05a36e1f2645b7528b9dacc0a344ec615ae,
SV26-0463,,16-public,/surveys/{token},自有合成数据；运行时可用,非法邮箱/手机/数字提交,无效不入库；合法唯一持久化；逻辑/分页正确；关闭/截止拒绝；成功页不执行不安全HTML,NOT_STARTED,MAIN,NORMAL,apps/web/components/survey/live/public-survey-form.tsx,814dc05a36e1f2645b7528b9dacc0a344ec615ae,
SV26-0464,,16-public,/surveys/{token},自有合成数据；运行时可用,上一页,无效不入库；合法唯一持久化；逻辑/分页正确；关闭/截止拒绝；成功页不执行不安全HTML,NOT_STARTED,MAIN,NORMAL,apps/web/components/survey/live/public-survey-form.tsx,814dc05a36e1f2645b7528b9dacc0a344ec615ae,
SV26-0465,,16-public,/surveys/{token},自有合成数据；运行时可用,下一页,无效不入库；合法唯一持久化；逻辑/分页正确；关闭/截止拒绝；成功页不执行不安全HTML,NOT_STARTED,MAIN,NORMAL,apps/web/components/survey/live/public-survey-form.tsx,814dc05a36e1f2645b7528b9dacc0a344ec615ae,
SV26-0466,,16-public,/surveys/{token},自有合成数据；运行时可用,跳转和条件显示,无效不入库；合法唯一持久化；逻辑/分页正确；关闭/截止拒绝；成功页不执行不安全HTML,NOT_STARTED,MAIN,NORMAL,apps/web/components/survey/live/public-survey-form.tsx,814dc05a36e1f2645b7528b9dacc0a344ec615ae,
SV26-0467,,16-public,/surveys/{token},自有合成数据；运行时可用,提交答卷,无效不入库；合法唯一持久化；逻辑/分页正确；关闭/截止拒绝；成功页不执行不安全HTML,NOT_STARTED,MAIN,NORMAL,apps/web/components/survey/live/public-survey-form.tsx,814dc05a36e1f2645b7528b9dacc0a344ec615ae,
SV26-0468,,16-public,/surveys/{token},自有合成数据；运行时可用,重复submission重试,无效不入库；合法唯一持久化；逻辑/分页正确；关闭/截止拒绝；成功页不执行不安全HTML,NOT_STARTED,MAIN,NORMAL,apps/web/components/survey/live/public-survey-form.tsx,814dc05a36e1f2645b7528b9dacc0a344ec615ae,
SV26-0469,,16-public,/surveys/{token},自有合成数据；运行时可用,同浏览器重复答卷,无效不入库；合法唯一持久化；逻辑/分页正确；关闭/截止拒绝；成功页不执行不安全HTML,NOT_STARTED,MAIN,NORMAL,apps/web/components/survey/live/public-survey-form.tsx,814dc05a36e1f2645b7528b9dacc0a344ec615ae,
SV26-0470,,16-public,/surveys/{token},自有合成数据；运行时可用,成功页渲染,无效不入库；合法唯一持久化；逻辑/分页正确；关闭/截止拒绝；成功页不执行不安全HTML,NOT_STARTED,MAIN,NORMAL,apps/web/components/survey/live/public-survey-form.tsx,814dc05a36e1f2645b7528b9dacc0a344ec615ae,
SV26-0471,,16-public,/surveys/{token},自有合成数据；运行时可用,已停止访问,无效不入库；合法唯一持久化；逻辑/分页正确；关闭/截止拒绝；成功页不执行不安全HTML,NOT_STARTED,MAIN,NORMAL,apps/web/components/survey/live/public-survey-form.tsx,814dc05a36e1f2645b7528b9dacc0a344ec615ae,
SV26-0472,,16-public,/surveys/{token},自有合成数据；运行时可用,截止后访问,无效不入库；合法唯一持久化；逻辑/分页正确；关闭/截止拒绝；成功页不执行不安全HTML,NOT_STARTED,MAIN,NORMAL,apps/web/components/survey/live/public-survey-form.tsx,814dc05a36e1f2645b7528b9dacc0a344ec615ae,
SV26-0473,,16-public,/surveys/{token},自有合成数据；运行时可用,多份答卷独立提交,无效不入库；合法唯一持久化；逻辑/分页正确；关闭/截止拒绝；成功页不执行不安全HTML,NOT_STARTED,MAIN,NORMAL,apps/web/components/survey/live/public-survey-form.tsx,814dc05a36e1f2645b7528b9dacc0a344ec615ae,
SV26-0474,,17-upload-signature,/surveys/{token},自有合成数据；运行时可用,选择文件,真实上传/删除；限制执行；签名成为持久附件；提交后后台可下载；禁用状态正确,NOT_STARTED,MAIN,NORMAL,apps/web/components/survey/live/question-material.tsx,814dc05a36e1f2645b7528b9dacc0a344ec615ae,
SV26-0475,,17-upload-signature,/surveys/{token},自有合成数据；运行时可用,文件超大小,真实上传/删除；限制执行；签名成为持久附件；提交后后台可下载；禁用状态正确,NOT_STARTED,MAIN,NORMAL,apps/web/components/survey/live/question-material.tsx,814dc05a36e1f2645b7528b9dacc0a344ec615ae,
SV26-0476,,17-upload-signature,/surveys/{token},自有合成数据；运行时可用,文件禁用格式,真实上传/删除；限制执行；签名成为持久附件；提交后后台可下载；禁用状态正确,NOT_STARTED,MAIN,NORMAL,apps/web/components/survey/live/question-material.tsx,814dc05a36e1f2645b7528b9dacc0a344ec615ae,
SV26-0477,,17-upload-signature,/surveys/{token},自有合成数据；运行时可用,多文件数量上限,真实上传/删除；限制执行；签名成为持久附件；提交后后台可下载；禁用状态正确,NOT_STARTED,MAIN,NORMAL,apps/web/components/survey/live/question-material.tsx,814dc05a36e1f2645b7528b9dacc0a344ec615ae,
SV26-0478,,17-upload-signature,/surveys/{token},自有合成数据；运行时可用,重试上传,真实上传/删除；限制执行；签名成为持久附件；提交后后台可下载；禁用状态正确,NOT_STARTED,MAIN,NORMAL,apps/web/components/survey/live/question-material.tsx,814dc05a36e1f2645b7528b9dacc0a344ec615ae,
SV26-0479,,17-upload-signature,/surveys/{token},自有合成数据；运行时可用,删除已上传材料,真实上传/删除；限制执行；签名成为持久附件；提交后后台可下载；禁用状态正确,NOT_STARTED,MAIN,NORMAL,apps/web/components/survey/live/question-material.tsx,814dc05a36e1f2645b7528b9dacc0a344ec615ae,
SV26-0480,,17-upload-signature,/surveys/{token},自有合成数据；运行时可用,手写签名画布,真实上传/删除；限制执行；签名成为持久附件；提交后后台可下载；禁用状态正确,NOT_STARTED,MAIN,NORMAL,apps/web/components/survey/live/question-material.tsx,814dc05a36e1f2645b7528b9dacc0a344ec615ae,
SV26-0481,,17-upload-signature,/surveys/{token},自有合成数据；运行时可用,键入签名,真实上传/删除；限制执行；签名成为持久附件；提交后后台可下载；禁用状态正确,NOT_STARTED,MAIN,NORMAL,apps/web/components/survey/live/question-material.tsx,814dc05a36e1f2645b7528b9dacc0a344ec615ae,
SV26-0482,,17-upload-signature,/surveys/{token},自有合成数据；运行时可用,清除签名草稿,真实上传/删除；限制执行；签名成为持久附件；提交后后台可下载；禁用状态正确,NOT_STARTED,MAIN,NORMAL,apps/web/components/survey/live/question-material.tsx,814dc05a36e1f2645b7528b9dacc0a344ec615ae,
SV26-0483,,17-upload-signature,/surveys/{token},自有合成数据；运行时可用,保存签名,真实上传/删除；限制执行；签名成为持久附件；提交后后台可下载；禁用状态正确,NOT_STARTED,MAIN,NORMAL,apps/web/components/survey/live/question-material.tsx,814dc05a36e1f2645b7528b9dacc0a344ec615ae,
SV26-0484,,17-upload-signature,/surveys/{token},自有合成数据；运行时可用,无签名保存拒绝,真实上传/删除；限制执行；签名成为持久附件；提交后后台可下载；禁用状态正确,NOT_STARTED,MAIN,NORMAL,apps/web/components/survey/live/question-material.tsx,814dc05a36e1f2645b7528b9dacc0a344ec615ae,
SV26-0485,,18-responses,/studio/survey/{surveyId}/responses,自有合成数据；运行时可用,全部,筛选/分页/指标对应真实数据；治理记录保留；排除不删答卷；导出实际文件内容正确且仅所选；附件鉴权,NOT_STARTED,MAIN,NORMAL,apps/web/components/survey/live/response-list.tsx,814dc05a36e1f2645b7528b9dacc0a344ec615ae,
SV26-0486,,18-responses,/studio/survey/{surveyId}/responses,自有合成数据；运行时可用,有效,筛选/分页/指标对应真实数据；治理记录保留；排除不删答卷；导出实际文件内容正确且仅所选；附件鉴权,NOT_STARTED,MAIN,NORMAL,apps/web/components/survey/live/response-list.tsx,814dc05a36e1f2645b7528b9dacc0a344ec615ae,
SV26-0487,,18-responses,/studio/survey/{surveyId}/responses,自有合成数据；运行时可用,待复核,筛选/分页/指标对应真实数据；治理记录保留；排除不删答卷；导出实际文件内容正确且仅所选；附件鉴权,NOT_STARTED,MAIN,NORMAL,apps/web/components/survey/live/response-list.tsx,814dc05a36e1f2645b7528b9dacc0a344ec615ae,
SV26-0488,,18-responses,/studio/survey/{surveyId}/responses,自有合成数据；运行时可用,已排除分析,筛选/分页/指标对应真实数据；治理记录保留；排除不删答卷；导出实际文件内容正确且仅所选；附件鉴权,NOT_STARTED,MAIN,NORMAL,apps/web/components/survey/live/response-list.tsx,814dc05a36e1f2645b7528b9dacc0a344ec615ae,
SV26-0489,,18-responses,/studio/survey/{surveyId}/responses,自有合成数据；运行时可用,搜索答卷,筛选/分页/指标对应真实数据；治理记录保留；排除不删答卷；导出实际文件内容正确且仅所选；附件鉴权,NOT_STARTED,MAIN,NORMAL,apps/web/components/survey/live/response-list.tsx,814dc05a36e1f2645b7528b9dacc0a344ec615ae,
SV26-0490,,18-responses,/studio/survey/{surveyId}/responses,自有合成数据；运行时可用,选择本页答卷,筛选/分页/指标对应真实数据；治理记录保留；排除不删答卷；导出实际文件内容正确且仅所选；附件鉴权,NOT_STARTED,MAIN,NORMAL,apps/web/components/survey/live/response-list.tsx,814dc05a36e1f2645b7528b9dacc0a344ec615ae,
SV26-0491,,18-responses,/studio/survey/{surveyId}/responses,自有合成数据；运行时可用,选择单条答卷,筛选/分页/指标对应真实数据；治理记录保留；排除不删答卷；导出实际文件内容正确且仅所选；附件鉴权,NOT_STARTED,MAIN,NORMAL,apps/web/components/survey/live/response-list.tsx,814dc05a36e1f2645b7528b9dacc0a344ec615ae,
SV26-0492,,18-responses,/studio/survey/{surveyId}/responses,自有合成数据；运行时可用,查看答卷详情,筛选/分页/指标对应真实数据；治理记录保留；排除不删答卷；导出实际文件内容正确且仅所选；附件鉴权,NOT_STARTED,MAIN,NORMAL,apps/web/components/survey/live/response-list.tsx,814dc05a36e1f2645b7528b9dacc0a344ec615ae,
SV26-0493,,18-responses,/studio/survey/{surveyId}/responses,自有合成数据；运行时可用,上一页,筛选/分页/指标对应真实数据；治理记录保留；排除不删答卷；导出实际文件内容正确且仅所选；附件鉴权,NOT_STARTED,MAIN,NORMAL,apps/web/components/survey/live/response-list.tsx,814dc05a36e1f2645b7528b9dacc0a344ec615ae,
SV26-0494,,18-responses,/studio/survey/{surveyId}/responses,自有合成数据；运行时可用,下一页,筛选/分页/指标对应真实数据；治理记录保留；排除不删答卷；导出实际文件内容正确且仅所选；附件鉴权,NOT_STARTED,MAIN,NORMAL,apps/web/components/survey/live/response-list.tsx,814dc05a36e1f2645b7528b9dacc0a344ec615ae,
SV26-0495,,18-responses,/studio/survey/{surveyId}/responses,自有合成数据；运行时可用,上一条答卷,筛选/分页/指标对应真实数据；治理记录保留；排除不删答卷；导出实际文件内容正确且仅所选；附件鉴权,NOT_STARTED,MAIN,NORMAL,apps/web/components/survey/live/response-list.tsx,814dc05a36e1f2645b7528b9dacc0a344ec615ae,
SV26-0496,,18-responses,/studio/survey/{surveyId}/responses,自有合成数据；运行时可用,下一条答卷,筛选/分页/指标对应真实数据；治理记录保留；排除不删答卷；导出实际文件内容正确且仅所选；附件鉴权,NOT_STARTED,MAIN,NORMAL,apps/web/components/survey/live/response-list.tsx,814dc05a36e1f2645b7528b9dacc0a344ec615ae,
SV26-0497,,18-responses,/studio/survey/{surveyId}/responses,自有合成数据；运行时可用,标记待复核,筛选/分页/指标对应真实数据；治理记录保留；排除不删答卷；导出实际文件内容正确且仅所选；附件鉴权,NOT_STARTED,MAIN,NORMAL,apps/web/components/survey/live/response-list.tsx,814dc05a36e1f2645b7528b9dacc0a344ec615ae,
SV26-0498,,18-responses,/studio/survey/{surveyId}/responses,自有合成数据；运行时可用,确认有效,筛选/分页/指标对应真实数据；治理记录保留；排除不删答卷；导出实际文件内容正确且仅所选；附件鉴权,NOT_STARTED,MAIN,NORMAL,apps/web/components/survey/live/response-list.tsx,814dc05a36e1f2645b7528b9dacc0a344ec615ae,
SV26-0499,,18-responses,/studio/survey/{surveyId}/responses,自有合成数据；运行时可用,排除分析原因,筛选/分页/指标对应真实数据；治理记录保留；排除不删答卷；导出实际文件内容正确且仅所选；附件鉴权,NOT_STARTED,MAIN,NORMAL,apps/web/components/survey/live/response-list.tsx,814dc05a36e1f2645b7528b9dacc0a344ec615ae,
SV26-0500,,18-responses,/studio/survey/{surveyId}/responses,自有合成数据；运行时可用,排除分析,筛选/分页/指标对应真实数据；治理记录保留；排除不删答卷；导出实际文件内容正确且仅所选；附件鉴权,NOT_STARTED,MAIN,NORMAL,apps/web/components/survey/live/response-list.tsx,814dc05a36e1f2645b7528b9dacc0a344ec615ae,
SV26-0501,,18-responses,/studio/survey/{surveyId}/responses,自有合成数据；运行时可用,重新纳入分析,筛选/分页/指标对应真实数据；治理记录保留；排除不删答卷；导出实际文件内容正确且仅所选；附件鉴权,NOT_STARTED,MAIN,NORMAL,apps/web/components/survey/live/response-list.tsx,814dc05a36e1f2645b7528b9dacc0a344ec615ae,
SV26-0502,,18-responses,/studio/survey/{surveyId}/responses,自有合成数据；运行时可用,收起详情,筛选/分页/指标对应真实数据；治理记录保留；排除不删答卷；导出实际文件内容正确且仅所选；附件鉴权,NOT_STARTED,MAIN,NORMAL,apps/web/components/survey/live/response-list.tsx,814dc05a36e1f2645b7528b9dacc0a344ec615ae,
SV26-0503,,18-responses,/studio/survey/{surveyId}/responses,自有合成数据；运行时可用,导出Markdown,筛选/分页/指标对应真实数据；治理记录保留；排除不删答卷；导出实际文件内容正确且仅所选；附件鉴权,NOT_STARTED,MAIN,NORMAL,apps/web/components/survey/live/response-list.tsx,814dc05a36e1f2645b7528b9dacc0a344ec615ae,
SV26-0504,,18-responses,/studio/survey/{surveyId}/responses,自有合成数据；运行时可用,导出所选Markdown,筛选/分页/指标对应真实数据；治理记录保留；排除不删答卷；导出实际文件内容正确且仅所选；附件鉴权,NOT_STARTED,MAIN,NORMAL,apps/web/components/survey/live/response-list.tsx,814dc05a36e1f2645b7528b9dacc0a344ec615ae,
SV26-0505,,18-responses,/studio/survey/{surveyId}/responses,自有合成数据；运行时可用,下载答卷附件,筛选/分页/指标对应真实数据；治理记录保留；排除不删答卷；导出实际文件内容正确且仅所选；附件鉴权,NOT_STARTED,MAIN,NORMAL,apps/web/components/survey/live/response-list.tsx,814dc05a36e1f2645b7528b9dacc0a344ec615ae,
SV26-0506,,19-report,/studio/survey/{surveyId}/report,自有合成数据；运行时可用,生成分析报告,真实报告基于当前有效答卷；过期提示正确；导出文件能打开且中文/表格/图表可读；Word验证真实OOXML与渲染,NOT_STARTED,MAIN,NORMAL,apps/web/components/survey/live/survey-workspace.tsx,814dc05a36e1f2645b7528b9dacc0a344ec615ae,
SV26-0507,,19-report,/studio/survey/{surveyId}/report,自有合成数据；运行时可用,重新生成报告,真实报告基于当前有效答卷；过期提示正确；导出文件能打开且中文/表格/图表可读；Word验证真实OOXML与渲染,NOT_STARTED,MAIN,NORMAL,apps/web/components/survey/live/survey-workspace.tsx,814dc05a36e1f2645b7528b9dacc0a344ec615ae,
SV26-0508,,19-report,/studio/survey/{surveyId}/report,自有合成数据；运行时可用,查看分析报告,真实报告基于当前有效答卷；过期提示正确；导出文件能打开且中文/表格/图表可读；Word验证真实OOXML与渲染,NOT_STARTED,MAIN,NORMAL,apps/web/components/survey/live/survey-workspace.tsx,814dc05a36e1f2645b7528b9dacc0a344ec615ae,
SV26-0509,,19-report,/studio/survey/{surveyId}/report,自有合成数据；运行时可用,分析报告（可选）展开,真实报告基于当前有效答卷；过期提示正确；导出文件能打开且中文/表格/图表可读；Word验证真实OOXML与渲染,NOT_STARTED,MAIN,NORMAL,apps/web/components/survey/live/survey-workspace.tsx,814dc05a36e1f2645b7528b9dacc0a344ec615ae,
SV26-0510,,19-report,/studio/survey/{surveyId}/report,自有合成数据；运行时可用,报告Markdown展开,真实报告基于当前有效答卷；过期提示正确；导出文件能打开且中文/表格/图表可读；Word验证真实OOXML与渲染,NOT_STARTED,MAIN,NORMAL,apps/web/components/survey/live/survey-workspace.tsx,814dc05a36e1f2645b7528b9dacc0a344ec615ae,
SV26-0511,,19-report,/studio/survey/{surveyId}/report,自有合成数据；运行时可用,报告过期时导出阻断,真实报告基于当前有效答卷；过期提示正确；导出文件能打开且中文/表格/图表可读；Word验证真实OOXML与渲染,NOT_STARTED,MAIN,NORMAL,apps/web/components/survey/live/survey-workspace.tsx,814dc05a36e1f2645b7528b9dacc0a344ec615ae,
SV26-0512,,19-report,/studio/survey/{surveyId}/report,自有合成数据；运行时可用,样本不足提示,真实报告基于当前有效答卷；过期提示正确；导出文件能打开且中文/表格/图表可读；Word验证真实OOXML与渲染,NOT_STARTED,MAIN,NORMAL,apps/web/components/survey/live/survey-workspace.tsx,814dc05a36e1f2645b7528b9dacc0a344ec615ae,
SV26-0513,,19-report,/studio/survey/{surveyId}/report,自有合成数据；运行时可用,导出Markdown,真实报告基于当前有效答卷；过期提示正确；导出文件能打开且中文/表格/图表可读；Word验证真实OOXML与渲染,NOT_STARTED,MAIN,NORMAL,apps/web/components/survey/live/survey-workspace.tsx,814dc05a36e1f2645b7528b9dacc0a344ec615ae,
SV26-0514,,19-report,/studio/survey/{surveyId}/report,自有合成数据；运行时可用,导出Word,真实报告基于当前有效答卷；过期提示正确；导出文件能打开且中文/表格/图表可读；Word验证真实OOXML与渲染,NOT_STARTED,MAIN,NORMAL,apps/web/components/survey/live/survey-workspace.tsx,814dc05a36e1f2645b7528b9dacc0a344ec615ae,
SV26-0515,,19-report,/studio/survey/{surveyId}/report,已生成可分享报告；原生交接时人类接手,导出PDF/打印对话框,原生打印预览版式及导出实际PDF可读,NOT_STARTED,MAIN,NATIVE_PDF_HANDOFF,apps/web/components/survey/live/survey-workspace.tsx,814dc05a36e1f2645b7528b9dacc0a344ec615ae,
SV26-0516,,19-report,/studio/survey/{surveyId}/publish,人类排除二维码,二维码,明确排除，不生成PASS,NOT_STARTED,EXCLUDED,EXCLUDED_QR,apps/web/components/survey/live/share-code.tsx,814dc05a36e1f2645b7528b9dacc0a344ec615ae,
SV26-0517,,20-missing-schedule,/studio/survey/{surveyId}/publish,先将#5192集成main；当前main不存在startsAt UI,开始时间留空立即,#5192原功能真实UI验收；main交付后才能点击,NOT_STARTED,MAIN_MISSING,NORMAL,feature:bf3d86df6353acf6c0b8aef4543f23c614cffcd6,814dc05a36e1f2645b7528b9dacc0a344ec615ae,
SV26-0518,,20-missing-schedule,/studio/survey/{surveyId}/publish,先将#5192集成main；当前main不存在startsAt UI,开始时间未来预约,#5192原功能真实UI验收；main交付后才能点击,NOT_STARTED,MAIN_MISSING,NORMAL,feature:bf3d86df6353acf6c0b8aef4543f23c614cffcd6,814dc05a36e1f2645b7528b9dacc0a344ec615ae,
SV26-0519,,20-missing-schedule,/studio/survey/{surveyId}/publish,先将#5192集成main；当前main不存在startsAt UI,截止时间晚于开始,#5192原功能真实UI验收；main交付后才能点击,NOT_STARTED,MAIN_MISSING,NORMAL,feature:bf3d86df6353acf6c0b8aef4543f23c614cffcd6,814dc05a36e1f2645b7528b9dacc0a344ec615ae,
SV26-0520,,20-missing-schedule,/studio/survey/{surveyId}/publish,先将#5192集成main；当前main不存在startsAt UI,坏日期拒绝,#5192原功能真实UI验收；main交付后才能点击,NOT_STARTED,MAIN_MISSING,NORMAL,feature:bf3d86df6353acf6c0b8aef4543f23c614cffcd6,814dc05a36e1f2645b7528b9dacc0a344ec615ae,
SV26-0521,,20-missing-schedule,/studio/survey/{surveyId}/publish,先将#5192集成main；当前main不存在startsAt UI,开始前无表单/上传,#5192原功能真实UI验收；main交付后才能点击,NOT_STARTED,MAIN_MISSING,NORMAL,feature:bf3d86df6353acf6c0b8aef4543f23c614cffcd6,814dc05a36e1f2645b7528b9dacc0a344ec615ae,
SV26-0522,,20-missing-schedule,/studio/survey/{surveyId}/publish,先将#5192集成main；当前main不存在startsAt UI,精确开始开放,#5192原功能真实UI验收；main交付后才能点击,NOT_STARTED,MAIN_MISSING,NORMAL,feature:bf3d86df6353acf6c0b8aef4543f23c614cffcd6,814dc05a36e1f2645b7528b9dacc0a344ec615ae,
SV26-0523,,20-missing-schedule,/studio/survey/{surveyId}/publish,先将#5192集成main；当前main不存在startsAt UI,截止后拒绝,#5192原功能真实UI验收；main交付后才能点击,NOT_STARTED,MAIN_MISSING,NORMAL,feature:bf3d86df6353acf6c0b8aef4543f23c614cffcd6,814dc05a36e1f2645b7528b9dacc0a344ec615ae,
SV26-0524,,20-missing-schedule,/studio/survey/{surveyId}/publish,先将#5192集成main；当前main不存在startsAt UI,owner无需刷新跨开始/截止,#5192原功能真实UI验收；main交付后才能点击,NOT_STARTED,MAIN_MISSING,NORMAL,feature:bf3d86df6353acf6c0b8aef4543f23c614cffcd6,814dc05a36e1f2645b7528b9dacc0a344ec615ae,
SV26-0525,,20-missing-schedule,/studio/survey/{surveyId}/publish,先将#5192集成main；当前main不存在startsAt UI,历史批次选中active时钟,#5192原功能真实UI验收；main交付后才能点击,NOT_STARTED,MAIN_MISSING,NORMAL,feature:bf3d86df6353acf6c0b8aef4543f23c614cffcd6,814dc05a36e1f2645b7528b9dacc0a344ec615ae,
SV26-0526,,20-missing-schedule,/studio/survey/{surveyId}/publish,先将#5192集成main；当前main不存在startsAt UI,再次发布独立起止,#5192原功能真实UI验收；main交付后才能点击,NOT_STARTED,MAIN_MISSING,NORMAL,feature:bf3d86df6353acf6c0b8aef4543f23c614cffcd6,814dc05a36e1f2645b7528b9dacc0a344ec615ae,
SV26-0527,,20-missing-schedule,/studio/survey/{surveyId}/publish,先将#5192集成main；当前main不存在startsAt UI,刷新冻结日期,#5192原功能真实UI验收；main交付后才能点击,NOT_STARTED,MAIN_MISSING,NORMAL,feature:bf3d86df6353acf6c0b8aef4543f23c614cffcd6,814dc05a36e1f2645b7528b9dacc0a344ec615ae,
SV26-0528,,21-missing-unbind,/studio/survey/{surveyId}/template,先将#5193集成main；当前main不存在解绑控件,坏映射不使用报告模板,#5193原功能真实UI验收；不删除库模板,NOT_STARTED,MAIN_MISSING,NORMAL,feature:c02c60cc1126a50a82911190457cf051736bdd4e,814dc05a36e1f2645b7528b9dacc0a344ec615ae,
SV26-0529,,21-missing-unbind,/studio/survey/{surveyId}/template,先将#5193集成main；当前main不存在解绑控件,撤销解绑,#5193原功能真实UI验收；不删除库模板,NOT_STARTED,MAIN_MISSING,NORMAL,feature:c02c60cc1126a50a82911190457cf051736bdd4e,814dc05a36e1f2645b7528b9dacc0a344ec615ae,
SV26-0530,,21-missing-unbind,/studio/survey/{surveyId}/template,先将#5193集成main；当前main不存在解绑控件,解绑后题目/标签不变,#5193原功能真实UI验收；不删除库模板,NOT_STARTED,MAIN_MISSING,NORMAL,feature:c02c60cc1126a50a82911190457cf051736bdd4e,814dc05a36e1f2645b7528b9dacc0a344ec615ae,
SV26-0531,,21-missing-unbind,/studio/survey/{surveyId}/template,先将#5193集成main；当前main不存在解绑控件,解绑后标题编辑不再撤销,#5193原功能真实UI验收；不删除库模板,NOT_STARTED,MAIN_MISSING,NORMAL,feature:c02c60cc1126a50a82911190457cf051736bdd4e,814dc05a36e1f2645b7528b9dacc0a344ec615ae,
SV26-0532,,21-missing-unbind,/studio/survey/{surveyId}/template,先将#5193集成main；当前main不存在解绑控件,新模板应用清除旧undo,#5193原功能真实UI验收；不删除库模板,NOT_STARTED,MAIN_MISSING,NORMAL,feature:c02c60cc1126a50a82911190457cf051736bdd4e,814dc05a36e1f2645b7528b9dacc0a344ec615ae,
SV26-0533,,21-missing-unbind,/studio/survey/{surveyId}/template,先将#5193集成main；当前main不存在解绑控件,空sections自动保存刷新,#5193原功能真实UI验收；不删除库模板,NOT_STARTED,MAIN_MISSING,NORMAL,feature:c02c60cc1126a50a82911190457cf051736bdd4e,814dc05a36e1f2645b7528b9dacc0a344ec615ae,
SV26-0534,,21-missing-unbind,/studio/survey/{surveyId}/template,先将#5193集成main；当前main不存在解绑控件,已发布解绑保护旧快照/答卷,#5193原功能真实UI验收；不删除库模板,NOT_STARTED,MAIN_MISSING,NORMAL,feature:c02c60cc1126a50a82911190457cf051736bdd4e,814dc05a36e1f2645b7528b9dacc0a344ec615ae,
SV26-0535,,21-missing-unbind,/studio/survey/{surveyId}/template,先将#5193集成main；当前main不存在解绑控件,空模板无通用warning,#5193原功能真实UI验收；不删除库模板,NOT_STARTED,MAIN_MISSING,NORMAL,feature:c02c60cc1126a50a82911190457cf051736bdd4e,814dc05a36e1f2645b7528b9dacc0a344ec615ae,
SV26-0536,,21-missing-unbind,/studio/survey/{surveyId}/template,先将#5193集成main；当前main不存在解绑控件,空白边界标题trim roundtrip,#5193原功能真实UI验收；不删除库模板,NOT_STARTED,MAIN_MISSING,NORMAL,feature:c02c60cc1126a50a82911190457cf051736bdd4e,814dc05a36e1f2645b7528b9dacc0a344ec615ae,
SV26-0537,,06-editor-common,/studio/survey/{surveyId}/design,移动窄屏；至少两题,打开题目大纲,移动端面板正确打开/关闭；当前题选择及编辑保持,NOT_STARTED,MAIN,NORMAL,apps/web/components/survey/live/responsive-designer-panel.tsx,814dc05a36e1f2645b7528b9dacc0a344ec615ae,
SV26-0538,,06-editor-common,/studio/survey/{surveyId}/design,移动窄屏；至少两题,打开题目设置,移动端面板正确打开/关闭；当前题选择及编辑保持,NOT_STARTED,MAIN,NORMAL,apps/web/components/survey/live/responsive-designer-panel.tsx,814dc05a36e1f2645b7528b9dacc0a344ec615ae,
SV26-0539,,06-editor-common,/studio/survey/{surveyId}/design,移动窄屏；至少两题,移动面板关闭X,移动端面板正确打开/关闭；当前题选择及编辑保持,NOT_STARTED,MAIN,NORMAL,apps/web/components/survey/live/responsive-designer-panel.tsx,814dc05a36e1f2645b7528b9dacc0a344ec615ae,
SV26-0540,,06-editor-common,/studio/survey/{surveyId}/design,移动窄屏；至少两题,移动面板关闭Escape,移动端面板正确打开/关闭；当前题选择及编辑保持,NOT_STARTED,MAIN,NORMAL,apps/web/components/survey/live/responsive-designer-panel.tsx,814dc05a36e1f2645b7528b9dacc0a344ec615ae,
SV26-0541,,06-editor-common,/studio/survey/{surveyId}/design,移动窄屏；至少两题,移动面板外部点击关闭,移动端面板正确打开/关闭；当前题选择及编辑保持,NOT_STARTED,MAIN,NORMAL,apps/web/components/survey/live/responsive-designer-panel.tsx,814dc05a36e1f2645b7528b9dacc0a344ec615ae,
SV26-0542,,16-public,/surveys/{token},对应题型合法配置；自有已发布问卷,ranking：上移选项,实际控件和值正确；限制/必答执行；后台记录相同值,NOT_STARTED,MAIN,NORMAL,apps/web/components/survey/live/question-renderer.tsx,814dc05a36e1f2645b7528b9dacc0a344ec615ae,
SV26-0543,,16-public,/surveys/{token},对应题型合法配置；自有已发布问卷,ranking：下移选项,实际控件和值正确；限制/必答执行；后台记录相同值,NOT_STARTED,MAIN,NORMAL,apps/web/components/survey/live/question-renderer.tsx,814dc05a36e1f2645b7528b9dacc0a344ec615ae,
SV26-0544,,16-public,/surveys/{token},对应题型合法配置；自有已发布问卷,ranking：确认当前顺序,实际控件和值正确；限制/必答执行；后台记录相同值,NOT_STARTED,MAIN,NORMAL,apps/web/components/survey/live/question-renderer.tsx,814dc05a36e1f2645b7528b9dacc0a344ec615ae,
SV26-0545,,16-public,/surveys/{token},对应题型合法配置；自有已发布问卷,image_single：选择图片,实际控件和值正确；限制/必答执行；后台记录相同值,NOT_STARTED,MAIN,NORMAL,apps/web/components/survey/live/question-renderer.tsx,814dc05a36e1f2645b7528b9dacc0a344ec615ae,
SV26-0546,,16-public,/surveys/{token},对应题型合法配置；自有已发布问卷,image_multi：选中/取消图片,实际控件和值正确；限制/必答执行；后台记录相同值,NOT_STARTED,MAIN,NORMAL,apps/web/components/survey/live/question-renderer.tsx,814dc05a36e1f2645b7528b9dacc0a344ec615ae,
SV26-0547,,16-public,/surveys/{token},对应题型合法配置；自有已发布问卷,dropdown：打开选择,实际控件和值正确；限制/必答执行；后台记录相同值,NOT_STARTED,MAIN,NORMAL,apps/web/components/survey/live/question-renderer.tsx,814dc05a36e1f2645b7528b9dacc0a344ec615ae,
SV26-0548,,16-public,/surveys/{token},对应题型合法配置；自有已发布问卷,cascade：切换上级清空下级,实际控件和值正确；限制/必答执行；后台记录相同值,NOT_STARTED,MAIN,NORMAL,apps/web/components/survey/live/question-renderer.tsx,814dc05a36e1f2645b7528b9dacc0a344ec615ae,
SV26-0549,,16-public,/surveys/{token},对应题型合法配置；自有已发布问卷,multi：其他说明,实际控件和值正确；限制/必答执行；后台记录相同值,NOT_STARTED,MAIN,NORMAL,apps/web/components/survey/live/question-renderer.tsx,814dc05a36e1f2645b7528b9dacc0a344ec615ae,
SV26-0550,,16-public,/surveys/{token},对应题型合法配置；自有已发布问卷,single：其他说明,实际控件和值正确；限制/必答执行；后台记录相同值,NOT_STARTED,MAIN,NORMAL,apps/web/components/survey/live/question-renderer.tsx,814dc05a36e1f2645b7528b9dacc0a344ec615ae,
SV26-0551,,22-source-labelled-controls,/studio/survey/{surveyId}/design,由源码上下文定位对应题型/弹窗/状态；若不可达先记录反证,题型,在对应前置场景展开控件；输入/点击产生源代码规定的状态，保存刷新或后台读回验证,NOT_STARTED,MAIN,NORMAL,apps/web/components/survey/live/question-editor.tsx:551,814dc05a36e1f2645b7528b9dacc0a344ec615ae,
SV26-0552,,22-source-labelled-controls,/studio/survey/new/import,由源码上下文定位对应题型/弹窗/状态；若不可达先记录反证,上传问卷文件,在对应前置场景展开控件；输入/点击产生源代码规定的状态，保存刷新或后台读回验证,NOT_STARTED,MAIN,NORMAL,apps/web/components/survey/live/ai-proposal.tsx:62,814dc05a36e1f2645b7528b9dacc0a344ec615ae,
SV26-0553,,22-source-labelled-controls,/studio/survey/new/import,由源码上下文定位对应题型/弹窗/状态；若不可达先记录反证,AI 提案 Markdown,在对应前置场景展开控件；输入/点击产生源代码规定的状态，保存刷新或后台读回验证,NOT_STARTED,MAIN,NORMAL,apps/web/components/survey/live/ai-proposal.tsx:72,814dc05a36e1f2645b7528b9dacc0a344ec615ae,
SV26-0554,,22-source-labelled-controls,/studio/survey/{surveyId}/publish,由源码上下文定位对应题型/弹窗/状态；若不可达先记录反证,远端 Markdown,在对应前置场景展开控件；输入/点击产生源代码规定的状态，保存刷新或后台读回验证,NOT_STARTED,MAIN,NORMAL,apps/web/components/survey/live/survey-workspace.tsx:438,814dc05a36e1f2645b7528b9dacc0a344ec615ae,
SV26-0555,,22-source-labelled-controls,/studio/survey/{surveyId}/publish,由源码上下文定位对应题型/弹窗/状态；若不可达先记录反证,答题链接,在对应前置场景展开控件；输入/点击产生源代码规定的状态，保存刷新或后台读回验证,NOT_STARTED,MAIN,NORMAL,apps/web/components/survey/live/survey-workspace.tsx:590,814dc05a36e1f2645b7528b9dacc0a344ec615ae,
SV26-0556,,22-source-labelled-controls,/studio/survey/{surveyId}/publish,由源码上下文定位对应题型/弹窗/状态；若不可达先记录反证,回收批次,在对应前置场景展开控件；输入/点击产生源代码规定的状态，保存刷新或后台读回验证,NOT_STARTED,MAIN,NORMAL,apps/web/components/survey/live/survey-workspace.tsx:669,814dc05a36e1f2645b7528b9dacc0a344ec615ae,
SV26-0557,,22-source-labelled-controls,/studio/survey/{surveyId}/publish,由源码上下文定位对应题型/弹窗/状态；若不可达先记录反证,报告 Markdown,在对应前置场景展开控件；输入/点击产生源代码规定的状态，保存刷新或后台读回验证,NOT_STARTED,MAIN,NORMAL,apps/web/components/survey/live/survey-workspace.tsx:822,814dc05a36e1f2645b7528b9dacc0a344ec615ae,
SV26-0558,,22-source-labelled-controls,/studio/survey/{surveyId}/template,由源码上下文定位对应题型/弹窗/状态；若不可达先记录反证,导入模板文件,在对应前置场景展开控件；输入/点击产生源代码规定的状态，保存刷新或后台读回验证,NOT_STARTED,MAIN,NORMAL,apps/web/components/survey/report/template-editor.tsx:122,814dc05a36e1f2645b7528b9dacc0a344ec615ae,
